data_hora,moeda,preco
16/06/2026 19:04:25,USD,5.1031
16/06/2026 19:04:25,EUR,5.92066
16/06/2026 19:04:25,BTC,335048.0
16/06/2026 19:04:31,USD,5.1031
16/06/2026 19:04:31,EUR,5.92066
16/06/2026 19:04:31,BTC,335048.0
16/06/2026 19:04:36,USD,5.1031
16/06/2026 19:04:36,EUR,5.92066
16/06/2026 19:04:36,BTC,335048.0
16/06/2026 19:04:42,USD,5.1031
16/06/2026 19:04:42,EUR,5.92066
16/06/2026 19:04:42,BTC,335048.0
16/06/2026 19:04:47,USD,5.1031
16/06/2026 19:04:47,EUR,5.92066
16/06/2026 19:04:47,BTC,335048.0
16/06/2026 19:11:19,USD,5.1031
16/06/2026 19:11:19,EUR,5.92066
16/06/2026 19:11:19,BTC,335048.0
16/06/2026 19:11:25,USD,5.1029
16/06/2026 19:11:25,EUR,5.92066
16/06/2026 19:11:25,BTC,335032.0
16/06/2026 19:11:30,USD,5.1029
16/06/2026 19:11:30,EUR,5.92066
16/06/2026 19:11:30,BTC,335032.0
16/06/2026 19:11:36,USD,5.1029
16/06/2026 19:11:36,EUR,5.92066
16/06/2026 19:11:36,BTC,335032.0
16/06/2026 19:11:42,USD,5.1029
16/06/2026 19:11:42,EUR,5.92066
16/06/2026 19:11:42,BTC,335032.0
16/06/2026 19:11:48,USD,5.1029
16/06/2026 19:11:48,EUR,5.92066
16/06/2026 19:11:48,BTC,335032.0
16/06/2026 19:11:53,USD,5.1029
16/06/2026 19:11:53,EUR,5.92066
16/06/2026 19:11:53,BTC,335032.0
16/06/2026 19:11:59,USD,5.1029
16/06/2026 19:11:59,EUR,5.92066
16/06/2026 19:11:59,BTC,335032.0
16/06/2026 19:12:05,USD,5.1029
16/06/2026 19:12:05,EUR,5.92066
16/06/2026 19:12:05,BTC,335032.0
16/06/2026 19:12:10,USD,5.1029
16/06/2026 19:12:10,EUR,5.92066
16/06/2026 19:12:10,BTC,335032.0
16/06/2026 19:12:16,USD,5.1029
16/06/2026 19:12:16,EUR,5.92066
16/06/2026 19:12:16,BTC,335032.0
16/06/2026 19:12:21,USD,5.1029
16/06/2026 19:12:21,EUR,5.92066
16/06/2026 19:12:21,BTC,335032.0
16/06/2026 19:12:27,USD,5.1029
16/06/2026 19:12:27,EUR,5.92066
16/06/2026 19:12:27,BTC,335032.0
16/06/2026 19:12:33,USD,5.1029
16/06/2026 19:12:33,EUR,5.92066
16/06/2026 19:12:33,BTC,335032.0
16/06/2026 19:12:38,USD,5.1029
16/06/2026 19:12:38,EUR,5.92066
16/06/2026 19:12:38,BTC,335032.0
16/06/2026 19:12:45,USD,5.1029
16/06/2026 19:12:45,EUR,5.92066
16/06/2026 19:12:45,BTC,335032.0
16/06/2026 19:12:51,USD,5.1029
16/06/2026 19:12:51,EUR,5.92066
16/06/2026 19:12:51,BTC,335032.0
16/06/2026 19:12:56,USD,5.1029
16/06/2026 19:12:56,EUR,5.92066
16/06/2026 19:12:56,BTC,335032.0
16/06/2026 19:13:02,USD,5.1029
16/06/2026 19:13:02,EUR,5.92066
16/06/2026 19:13:02,BTC,335032.0
16/06/2026 19:13:07,USD,5.1029
16/06/2026 19:13:07,EUR,5.92066
16/06/2026 19:13:07,BTC,335032.0
16/06/2026 19:13:13,USD,5.1029
16/06/2026 19:13:13,EUR,5.92066
16/06/2026 19:13:13,BTC,335032.0
16/06/2026 19:13:19,USD,5.1029
16/06/2026 19:13:19,EUR,5.92066
16/06/2026 19:13:19,BTC,335032.0
16/06/2026 19:13:25,USD,5.1029
16/06/2026 19:13:25,EUR,5.92066
16/06/2026 19:13:25,BTC,335032.0
16/06/2026 20:29:39,USD,5.1022
16/06/2026 20:29:39,EUR,5.92066
16/06/2026 20:29:39,BTC,335100.0
16/06/2026 20:29:46,USD,5.102
16/06/2026 20:29:46,EUR,5.92066
16/06/2026 20:29:46,BTC,334464.0
16/06/2026 20:29:51,USD,5.102
16/06/2026 20:29:51,EUR,5.92066
16/06/2026 20:29:51,BTC,334464.0
16/06/2026 20:29:57,USD,5.102
16/06/2026 20:29:57,EUR,5.92066
16/06/2026 20:29:57,BTC,334464.0
16/06/2026 20:30:02,USD,5.102
16/06/2026 20:30:02,EUR,5.92066
16/06/2026 20:30:02,BTC,334464.0
16/06/2026 20:30:08,USD,5.102
16/06/2026 20:30:08,EUR,5.92066
16/06/2026 20:30:08,BTC,334464.0
16/06/2026 20:30:13,USD,5.102
16/06/2026 20:30:13,EUR,5.92066
16/06/2026 20:30:13,BTC,334464.0
16/06/2026 20:30:19,USD,5.102
16/06/2026 20:30:19,EUR,5.92066
16/06/2026 20:30:19,BTC,334464.0
16/06/2026 20:30:24,USD,5.102
16/06/2026 20:30:24,EUR,5.92066
16/06/2026 20:30:24,BTC,334464.0
16/06/2026 20:30:30,USD,5.102
16/06/2026 20:30:30,EUR,5.92066
16/06/2026 20:30:30,BTC,334464.0
16/06/2026 20:30:35,USD,5.102
16/06/2026 20:30:35,EUR,5.92066
16/06/2026 20:30:35,BTC,334464.0
16/06/2026 20:30:41,USD,5.102
16/06/2026 20:30:41,EUR,5.92066
16/06/2026 20:30:41,BTC,334464.0
16/06/2026 20:30:47,USD,5.102
16/06/2026 20:30:47,EUR,5.92066
16/06/2026 20:30:47,BTC,334464.0
16/06/2026 20:30:52,USD,5.102
16/06/2026 20:30:52,EUR,5.92066
16/06/2026 20:30:52,BTC,334464.0
16/06/2026 20:30:58,USD,5.102
16/06/2026 20:30:58,EUR,5.92066
16/06/2026 20:30:58,BTC,334464.0
16/06/2026 20:31:04,USD,5.102
16/06/2026 20:31:04,EUR,5.92066
16/06/2026 20:31:04,BTC,334464.0
16/06/2026 20:31:09,USD,5.102
16/06/2026 20:31:09,EUR,5.92066
16/06/2026 20:31:09,BTC,334464.0
16/06/2026 20:31:15,USD,5.102
16/06/2026 20:31:15,EUR,5.92066
16/06/2026 20:31:15,BTC,334464.0
16/06/2026 20:31:20,USD,5.102
16/06/2026 20:31:20,EUR,5.92066
16/06/2026 20:31:20,BTC,334464.0
16/06/2026 20:31:26,USD,5.102
16/06/2026 20:31:26,EUR,5.92066
16/06/2026 20:31:26,BTC,334464.0
16/06/2026 20:31:31,USD,5.102
16/06/2026 20:31:31,EUR,5.92066
16/06/2026 20:31:31,BTC,334464.0
16/06/2026 20:31:37,USD,5.102
16/06/2026 20:31:37,EUR,5.92066
16/06/2026 20:31:37,BTC,334464.0
16/06/2026 20:31:42,USD,5.102
16/06/2026 20:31:42,EUR,5.92066
16/06/2026 20:31:42,BTC,334464.0
16/06/2026 20:31:48,USD,5.102
16/06/2026 20:31:48,EUR,5.92066
16/06/2026 20:31:48,BTC,334464.0
16/06/2026 20:31:54,USD,5.102
16/06/2026 20:31:54,EUR,5.92066
16/06/2026 20:31:54,BTC,334464.0
16/06/2026 20:31:59,USD,5.102
16/06/2026 20:31:59,EUR,5.92066
16/06/2026 20:31:59,BTC,334464.0
16/06/2026 20:32:05,USD,5.102
16/06/2026 20:32:05,EUR,5.92066
16/06/2026 20:32:05,BTC,334464.0
16/06/2026 20:32:11,USD,5.102
16/06/2026 20:32:11,EUR,5.92066
16/06/2026 20:32:11,BTC,334464.0
16/06/2026 20:32:16,USD,5.102
16/06/2026 20:32:16,EUR,5.92066
16/06/2026 20:32:16,BTC,334464.0
16/06/2026 20:32:22,USD,5.102
16/06/2026 20:32:22,EUR,5.92066
16/06/2026 20:32:22,BTC,334464.0
16/06/2026 20:32:27,USD,5.102
16/06/2026 20:32:27,EUR,5.92066
16/06/2026 20:32:27,BTC,334464.0
16/06/2026 20:32:33,USD,5.102
16/06/2026 20:32:33,EUR,5.92066
16/06/2026 20:32:33,BTC,334464.0
16/06/2026 20:32:38,USD,5.102
16/06/2026 20:32:38,EUR,5.92066
16/06/2026 20:32:38,BTC,334464.0
16/06/2026 20:32:44,USD,5.102
16/06/2026 20:32:44,EUR,5.92066
16/06/2026 20:32:44,BTC,334464.0
16/06/2026 20:32:50,USD,5.102
16/06/2026 20:32:50,EUR,5.92066
16/06/2026 20:32:50,BTC,334464.0
16/06/2026 20:32:55,USD,5.102
16/06/2026 20:32:55,EUR,5.92066
16/06/2026 20:32:55,BTC,334464.0
16/06/2026 20:33:01,USD,5.102
16/06/2026 20:33:01,EUR,5.92066
16/06/2026 20:33:01,BTC,334464.0
16/06/2026 20:33:06,USD,5.102
16/06/2026 20:33:06,EUR,5.92066
16/06/2026 20:33:06,BTC,334464.0
16/06/2026 20:33:12,USD,5.102
16/06/2026 20:33:12,EUR,5.92066
16/06/2026 20:33:12,BTC,334464.0
16/06/2026 20:33:17,USD,5.102
16/06/2026 20:33:17,EUR,5.92066
16/06/2026 20:33:17,BTC,334464.0
16/06/2026 20:33:23,USD,5.102
16/06/2026 20:33:23,EUR,5.92066
16/06/2026 20:33:23,BTC,334464.0
16/06/2026 20:33:29,USD,5.102
16/06/2026 20:33:29,EUR,5.92066
16/06/2026 20:33:29,BTC,334464.0
16/06/2026 20:33:35,USD,5.102
16/06/2026 20:33:35,EUR,5.92066
16/06/2026 20:33:35,BTC,334464.0
16/06/2026 20:33:41,USD,5.102
16/06/2026 20:33:41,EUR,5.92066
16/06/2026 20:33:41,BTC,334464.0
16/06/2026 20:33:46,USD,5.102
16/06/2026 20:33:46,EUR,5.92066
16/06/2026 20:33:46,BTC,334464.0
16/06/2026 20:33:52,USD,5.102
16/06/2026 20:33:52,EUR,5.92066
16/06/2026 20:33:52,BTC,334464.0
16/06/2026 20:33:57,USD,5.102
16/06/2026 20:33:57,EUR,5.92066
16/06/2026 20:33:57,BTC,334464.0
16/06/2026 20:34:03,USD,5.102
16/06/2026 20:34:03,EUR,5.92066
16/06/2026 20:34:03,BTC,334464.0
16/06/2026 20:34:09,USD,5.102
16/06/2026 20:34:09,EUR,5.92066
16/06/2026 20:34:09,BTC,334464.0
16/06/2026 20:34:14,USD,5.102
16/06/2026 20:34:14,EUR,5.92066
16/06/2026 20:34:14,BTC,334464.0
16/06/2026 20:34:20,USD,5.102
16/06/2026 20:34:20,EUR,5.92066
16/06/2026 20:34:20,BTC,334464.0
16/06/2026 20:34:26,USD,5.102
16/06/2026 20:34:26,EUR,5.92066
16/06/2026 20:34:26,BTC,334464.0
16/06/2026 20:34:31,USD,5.102
16/06/2026 20:34:31,EUR,5.92066
16/06/2026 20:34:31,BTC,334464.0
16/06/2026 20:34:37,USD,5.102
16/06/2026 20:34:37,EUR,5.92066
16/06/2026 20:34:37,BTC,334464.0
16/06/2026 20:34:42,USD,5.102
16/06/2026 20:34:42,EUR,5.92066
16/06/2026 20:34:42,BTC,334464.0
16/06/2026 20:34:48,USD,5.102
16/06/2026 20:34:48,EUR,5.92066
16/06/2026 20:34:48,BTC,334782.0
16/06/2026 20:34:53,USD,5.102
16/06/2026 20:34:53,EUR,5.92066
16/06/2026 20:34:53,BTC,334782.0
16/06/2026 20:34:59,USD,5.102
16/06/2026 20:34:59,EUR,5.92066
16/06/2026 20:34:59,BTC,334782.0
16/06/2026 20:35:05,USD,5.102
16/06/2026 20:35:05,EUR,5.92066
16/06/2026 20:35:05,BTC,334782.0
16/06/2026 20:35:10,USD,5.102
16/06/2026 20:35:10,EUR,5.92066
16/06/2026 20:35:10,BTC,334782.0
16/06/2026 20:35:16,USD,5.102
16/06/2026 20:35:16,EUR,5.92066
16/06/2026 20:35:16,BTC,334782.0
16/06/2026 20:35:21,USD,5.102
16/06/2026 20:35:21,EUR,5.92066
16/06/2026 20:35:21,BTC,334782.0
16/06/2026 20:35:27,USD,5.102
16/06/2026 20:35:27,EUR,5.92066
16/06/2026 20:35:27,BTC,334782.0
16/06/2026 20:35:32,USD,5.102
16/06/2026 20:35:32,EUR,5.92066
16/06/2026 20:35:32,BTC,334782.0
16/06/2026 20:35:38,USD,5.102
16/06/2026 20:35:38,EUR,5.92066
16/06/2026 20:35:38,BTC,334782.0
16/06/2026 20:35:44,USD,5.102
16/06/2026 20:35:44,EUR,5.92066
16/06/2026 20:35:44,BTC,334782.0
16/06/2026 20:35:49,USD,5.102
16/06/2026 20:35:49,EUR,5.92066
16/06/2026 20:35:49,BTC,334782.0
16/06/2026 20:35:55,USD,5.102
16/06/2026 20:35:55,EUR,5.92066
16/06/2026 20:35:55,BTC,334782.0
16/06/2026 20:36:01,USD,5.102
16/06/2026 20:36:01,EUR,5.92066
16/06/2026 20:36:01,BTC,334782.0
16/06/2026 20:36:06,USD,5.102
16/06/2026 20:36:06,EUR,5.92066
16/06/2026 20:36:06,BTC,334782.0
16/06/2026 20:36:12,USD,5.102
16/06/2026 20:36:12,EUR,5.92066
16/06/2026 20:36:12,BTC,334782.0
16/06/2026 20:36:17,USD,5.102
16/06/2026 20:36:17,EUR,5.92066
16/06/2026 20:36:17,BTC,334782.0
16/06/2026 20:36:23,USD,5.102
16/06/2026 20:36:23,EUR,5.92066
16/06/2026 20:36:23,BTC,334782.0
16/06/2026 20:36:29,USD,5.102
16/06/2026 20:36:29,EUR,5.92066
16/06/2026 20:36:29,BTC,334782.0
16/06/2026 20:36:35,USD,5.102
16/06/2026 20:36:35,EUR,5.92066
16/06/2026 20:36:35,BTC,334782.0
16/06/2026 20:36:40,USD,5.102
16/06/2026 20:36:40,EUR,5.92066
16/06/2026 20:36:40,BTC,334782.0
16/06/2026 20:36:46,USD,5.102
16/06/2026 20:36:46,EUR,5.92066
16/06/2026 20:36:46,BTC,334782.0
16/06/2026 20:36:51,USD,5.102
16/06/2026 20:36:51,EUR,5.92066
16/06/2026 20:36:51,BTC,334782.0
16/06/2026 20:36:57,USD,5.102
16/06/2026 20:36:57,EUR,5.92066
16/06/2026 20:36:57,BTC,334782.0
16/06/2026 20:37:03,USD,5.102
16/06/2026 20:37:03,EUR,5.92066
16/06/2026 20:37:03,BTC,334782.0
16/06/2026 20:37:08,USD,5.102
16/06/2026 20:37:08,EUR,5.92066
16/06/2026 20:37:08,BTC,334782.0
16/06/2026 20:37:14,USD,5.102
16/06/2026 20:37:14,EUR,5.92066
16/06/2026 20:37:14,BTC,334782.0
16/06/2026 20:37:19,USD,5.102
16/06/2026 20:37:19,EUR,5.92066
16/06/2026 20:37:19,BTC,334782.0
16/06/2026 20:37:25,USD,5.102
16/06/2026 20:37:25,EUR,5.92066
16/06/2026 20:37:25,BTC,334782.0
16/06/2026 20:37:30,USD,5.102
16/06/2026 20:37:30,EUR,5.92066
16/06/2026 20:37:30,BTC,334782.0
16/06/2026 20:37:36,USD,5.102
16/06/2026 20:37:36,EUR,5.92066
16/06/2026 20:37:36,BTC,334782.0
16/06/2026 20:37:42,USD,5.102
16/06/2026 20:37:42,EUR,5.92066
16/06/2026 20:37:42,BTC,334782.0
16/06/2026 20:37:47,USD,5.102
16/06/2026 20:37:47,EUR,5.92066
16/06/2026 20:37:47,BTC,334782.0
16/06/2026 20:37:53,USD,5.102
16/06/2026 20:37:53,EUR,5.92066
16/06/2026 20:37:53,BTC,334782.0
16/06/2026 20:37:58,USD,5.102
16/06/2026 20:37:58,EUR,5.92066
16/06/2026 20:37:58,BTC,334782.0
16/06/2026 20:38:04,USD,5.102
16/06/2026 20:38:04,EUR,5.92066
16/06/2026 20:38:04,BTC,334782.0
16/06/2026 20:38:10,USD,5.102
16/06/2026 20:38:10,EUR,5.92066
16/06/2026 20:38:10,BTC,334782.0
16/06/2026 20:38:15,USD,5.102
16/06/2026 20:38:15,EUR,5.92066
16/06/2026 20:38:15,BTC,334782.0
16/06/2026 20:38:21,USD,5.102
16/06/2026 20:38:21,EUR,5.92066
16/06/2026 20:38:21,BTC,334782.0
16/06/2026 20:38:26,USD,5.102
16/06/2026 20:38:26,EUR,5.92066
16/06/2026 20:38:26,BTC,334782.0
16/06/2026 20:38:32,USD,5.102
16/06/2026 20:38:32,EUR,5.92066
16/06/2026 20:38:32,BTC,334782.0
16/06/2026 20:38:38,USD,5.102
16/06/2026 20:38:38,EUR,5.92066
16/06/2026 20:38:38,BTC,334782.0
16/06/2026 20:38:44,USD,5.102
16/06/2026 20:38:44,EUR,5.92066
16/06/2026 20:38:44,BTC,334782.0
16/06/2026 20:38:50,USD,5.102
16/06/2026 20:38:50,EUR,5.92066
16/06/2026 20:38:50,BTC,334782.0
16/06/2026 20:38:55,USD,5.102
16/06/2026 20:38:55,EUR,5.92066
16/06/2026 20:38:55,BTC,334782.0
16/06/2026 20:39:01,USD,5.102
16/06/2026 20:39:01,EUR,5.92066
16/06/2026 20:39:01,BTC,334782.0
16/06/2026 20:39:06,USD,5.102
16/06/2026 20:39:06,EUR,5.92066
16/06/2026 20:39:06,BTC,334782.0
16/06/2026 20:39:13,USD,5.102
16/06/2026 20:39:13,EUR,5.92066
16/06/2026 20:39:13,BTC,334782.0
16/06/2026 20:39:19,USD,5.102
16/06/2026 20:39:19,EUR,5.92066
16/06/2026 20:39:19,BTC,334782.0
16/06/2026 20:39:24,USD,5.102
16/06/2026 20:39:24,EUR,5.92066
16/06/2026 20:39:24,BTC,334782.0
16/06/2026 20:39:30,USD,5.102
16/06/2026 20:39:30,EUR,5.92066
16/06/2026 20:39:30,BTC,334782.0
16/06/2026 20:39:35,USD,5.102
16/06/2026 20:39:35,EUR,5.92066
16/06/2026 20:39:35,BTC,334782.0
16/06/2026 20:39:41,USD,5.102
16/06/2026 20:39:41,EUR,5.92066
16/06/2026 20:39:41,BTC,334782.0
16/06/2026 20:39:46,USD,5.102
16/06/2026 20:39:46,EUR,5.92066
16/06/2026 20:39:46,BTC,334782.0
16/06/2026 20:39:52,USD,5.102
16/06/2026 20:39:52,EUR,5.92066
16/06/2026 20:39:52,BTC,335049.0
16/06/2026 20:39:57,USD,5.102
16/06/2026 20:39:57,EUR,5.92066
16/06/2026 20:39:57,BTC,335049.0
16/06/2026 20:40:03,USD,5.102
16/06/2026 20:40:03,EUR,5.92066
16/06/2026 20:40:03,BTC,335049.0
16/06/2026 20:40:09,USD,5.102
16/06/2026 20:40:09,EUR,5.92066
16/06/2026 20:40:09,BTC,335049.0
16/06/2026 20:40:15,USD,5.102
16/06/2026 20:40:15,EUR,5.92066
16/06/2026 20:40:15,BTC,335049.0
16/06/2026 20:40:20,USD,5.102
16/06/2026 20:40:20,EUR,5.92066
16/06/2026 20:40:20,BTC,335049.0
16/06/2026 20:40:26,USD,5.102
16/06/2026 20:40:26,EUR,5.92066
16/06/2026 20:40:26,BTC,335049.0
16/06/2026 20:40:31,USD,5.102
16/06/2026 20:40:31,EUR,5.92066
16/06/2026 20:40:31,BTC,335049.0
16/06/2026 20:40:37,USD,5.102
16/06/2026 20:40:37,EUR,5.92066
16/06/2026 20:40:37,BTC,335049.0
16/06/2026 20:40:42,USD,5.102
16/06/2026 20:40:42,EUR,5.92066
16/06/2026 20:40:42,BTC,335049.0
16/06/2026 20:40:48,USD,5.102
16/06/2026 20:40:48,EUR,5.92066
16/06/2026 20:40:48,BTC,335049.0
16/06/2026 20:40:53,USD,5.102
16/06/2026 20:40:53,EUR,5.92066
16/06/2026 20:40:53,BTC,335049.0
16/06/2026 20:40:59,USD,5.102
16/06/2026 20:40:59,EUR,5.92066
16/06/2026 20:40:59,BTC,335049.0
16/06/2026 20:41:04,USD,5.102
16/06/2026 20:41:04,EUR,5.92066
16/06/2026 20:41:04,BTC,335049.0
16/06/2026 20:41:10,USD,5.102
16/06/2026 20:41:10,EUR,5.92066
16/06/2026 20:41:10,BTC,335049.0
16/06/2026 20:41:16,USD,5.102
16/06/2026 20:41:16,EUR,5.92066
16/06/2026 20:41:16,BTC,335049.0
16/06/2026 20:41:21,USD,5.102
16/06/2026 20:41:21,EUR,5.92066
16/06/2026 20:41:21,BTC,335049.0
16/06/2026 20:41:27,USD,5.102
16/06/2026 20:41:27,EUR,5.92066
16/06/2026 20:41:27,BTC,335049.0
16/06/2026 20:41:32,USD,5.102
16/06/2026 20:41:32,EUR,5.92066
16/06/2026 20:41:32,BTC,335049.0
16/06/2026 20:41:38,USD,5.102
16/06/2026 20:41:38,EUR,5.92066
16/06/2026 20:41:38,BTC,335049.0
16/06/2026 20:41:43,USD,5.102
16/06/2026 20:41:43,EUR,5.92066
16/06/2026 20:41:43,BTC,335049.0
16/06/2026 20:41:49,USD,5.102
16/06/2026 20:41:49,EUR,5.92066
16/06/2026 20:41:49,BTC,335049.0
16/06/2026 20:41:55,USD,5.102
16/06/2026 20:41:55,EUR,5.92066
16/06/2026 20:41:55,BTC,335049.0
16/06/2026 20:42:00,USD,5.102
16/06/2026 20:42:00,EUR,5.92066
16/06/2026 20:42:00,BTC,335049.0
16/06/2026 20:42:06,USD,5.102
16/06/2026 20:42:06,EUR,5.92066
16/06/2026 20:42:06,BTC,335049.0
16/06/2026 20:42:12,USD,5.102
16/06/2026 20:42:12,EUR,5.92066
16/06/2026 20:42:12,BTC,335049.0
16/06/2026 20:42:17,USD,5.102
16/06/2026 20:42:17,EUR,5.92066
16/06/2026 20:42:17,BTC,335049.0
16/06/2026 20:42:23,USD,5.102
16/06/2026 20:42:23,EUR,5.92066
16/06/2026 20:42:23,BTC,335049.0
16/06/2026 20:42:28,USD,5.102
16/06/2026 20:42:28,EUR,5.92066
16/06/2026 20:42:28,BTC,335049.0
16/06/2026 20:42:34,USD,5.102
16/06/2026 20:42:34,EUR,5.92066
16/06/2026 20:42:34,BTC,335049.0
16/06/2026 20:42:39,USD,5.102
16/06/2026 20:42:39,EUR,5.92066
16/06/2026 20:42:39,BTC,335049.0
16/06/2026 20:42:45,USD,5.102
16/06/2026 20:42:45,EUR,5.92066
16/06/2026 20:42:45,BTC,335049.0
16/06/2026 20:42:51,USD,5.102
16/06/2026 20:42:51,EUR,5.92066
16/06/2026 20:42:51,BTC,335049.0
16/06/2026 20:42:56,USD,5.102
16/06/2026 20:42:56,EUR,5.92066
16/06/2026 20:42:56,BTC,335049.0
16/06/2026 20:43:02,USD,5.102
16/06/2026 20:43:02,EUR,5.92066
16/06/2026 20:43:02,BTC,335049.0
16/06/2026 20:43:07,USD,5.102
16/06/2026 20:43:07,EUR,5.92066
16/06/2026 20:43:07,BTC,335049.0
16/06/2026 20:43:13,USD,5.102
16/06/2026 20:43:13,EUR,5.92066
16/06/2026 20:43:13,BTC,335049.0
16/06/2026 20:43:19,USD,5.102
16/06/2026 20:43:19,EUR,5.92066
16/06/2026 20:43:19,BTC,335049.0
16/06/2026 20:43:24,USD,5.102
16/06/2026 20:43:24,EUR,5.92066
16/06/2026 20:43:24,BTC,335049.0
16/06/2026 20:43:30,USD,5.102
16/06/2026 20:43:30,EUR,5.92066
16/06/2026 20:43:30,BTC,335049.0
16/06/2026 20:43:35,USD,5.102
16/06/2026 20:43:35,EUR,5.92066
16/06/2026 20:43:35,BTC,335049.0
16/06/2026 20:43:41,USD,5.102
16/06/2026 20:43:41,EUR,5.92066
16/06/2026 20:43:41,BTC,335049.0
16/06/2026 20:43:46,USD,5.102
16/06/2026 20:43:46,EUR,5.92066
16/06/2026 20:43:46,BTC,335049.0
16/06/2026 20:43:52,USD,5.102
16/06/2026 20:43:52,EUR,5.92066
16/06/2026 20:43:52,BTC,335049.0
16/06/2026 20:43:57,USD,5.102
16/06/2026 20:43:57,EUR,5.92066
16/06/2026 20:43:57,BTC,335049.0
16/06/2026 20:44:03,USD,5.102
16/06/2026 20:44:03,EUR,5.92066
16/06/2026 20:44:03,BTC,335049.0
16/06/2026 20:44:09,USD,5.102
16/06/2026 20:44:09,EUR,5.92066
16/06/2026 20:44:09,BTC,335049.0
16/06/2026 20:44:15,USD,5.102
16/06/2026 20:44:15,EUR,5.92066
16/06/2026 20:44:15,BTC,335049.0
16/06/2026 20:44:20,USD,5.102
16/06/2026 20:44:20,EUR,5.92066
16/06/2026 20:44:20,BTC,335049.0
16/06/2026 20:44:26,USD,5.102
16/06/2026 20:44:26,EUR,5.92066
16/06/2026 20:44:26,BTC,335049.0
16/06/2026 20:44:31,USD,5.102
16/06/2026 20:44:31,EUR,5.92066
16/06/2026 20:44:31,BTC,335049.0
16/06/2026 20:44:37,USD,5.102
16/06/2026 20:44:37,EUR,5.92066
16/06/2026 20:44:37,BTC,335049.0
16/06/2026 20:44:42,USD,5.102
16/06/2026 20:44:42,EUR,5.92066
16/06/2026 20:44:42,BTC,335049.0
16/06/2026 20:44:48,USD,5.102
16/06/2026 20:44:48,EUR,5.92066
16/06/2026 20:44:48,BTC,335049.0
16/06/2026 20:44:53,USD,5.102
16/06/2026 20:44:53,EUR,5.92066
16/06/2026 20:44:53,BTC,334905.0
16/06/2026 20:44:59,USD,5.102
16/06/2026 20:44:59,EUR,5.92066
16/06/2026 20:44:59,BTC,334905.0
16/06/2026 20:45:04,USD,5.102
16/06/2026 20:45:04,EUR,5.92066
16/06/2026 20:45:04,BTC,334905.0
16/06/2026 20:45:10,USD,5.102
16/06/2026 20:45:10,EUR,5.92066
16/06/2026 20:45:10,BTC,334905.0
16/06/2026 20:45:15,USD,5.102
16/06/2026 20:45:15,EUR,5.92066
16/06/2026 20:45:15,BTC,334905.0
16/06/2026 20:45:21,USD,5.102
16/06/2026 20:45:21,EUR,5.92066
16/06/2026 20:45:21,BTC,334905.0
16/06/2026 20:45:27,USD,5.102
16/06/2026 20:45:27,EUR,5.92066
16/06/2026 20:45:27,BTC,334905.0
16/06/2026 20:45:32,USD,5.102
16/06/2026 20:45:32,EUR,5.92066
16/06/2026 20:45:32,BTC,334905.0
16/06/2026 20:45:38,USD,5.102
16/06/2026 20:45:38,EUR,5.92066
16/06/2026 20:45:38,BTC,334905.0
16/06/2026 20:45:43,USD,5.102
16/06/2026 20:45:43,EUR,5.92066
16/06/2026 20:45:43,BTC,334905.0
16/06/2026 20:45:49,USD,5.102
16/06/2026 20:45:49,EUR,5.92066
16/06/2026 20:45:49,BTC,334905.0
16/06/2026 20:45:54,USD,5.102
16/06/2026 20:45:54,EUR,5.92066
16/06/2026 20:45:54,BTC,334905.0
16/06/2026 20:46:00,USD,5.102
16/06/2026 20:46:00,EUR,5.92066
16/06/2026 20:46:00,BTC,334905.0
16/06/2026 20:46:06,USD,5.102
16/06/2026 20:46:06,EUR,5.92066
16/06/2026 20:46:06,BTC,334905.0
16/06/2026 20:46:11,USD,5.102
16/06/2026 20:46:11,EUR,5.92066
16/06/2026 20:46:11,BTC,334905.0
16/06/2026 20:46:17,USD,5.102
16/06/2026 20:46:17,EUR,5.92066
16/06/2026 20:46:17,BTC,334905.0
16/06/2026 20:46:23,USD,5.102
16/06/2026 20:46:23,EUR,5.92066
16/06/2026 20:46:23,BTC,334905.0
16/06/2026 20:46:28,USD,5.102
16/06/2026 20:46:28,EUR,5.92066
16/06/2026 20:46:28,BTC,334905.0
16/06/2026 20:46:34,USD,5.102
16/06/2026 20:46:34,EUR,5.92066
16/06/2026 20:46:34,BTC,334905.0
16/06/2026 20:46:39,USD,5.102
16/06/2026 20:46:39,EUR,5.92066
16/06/2026 20:46:39,BTC,334905.0
16/06/2026 20:46:45,USD,5.102
16/06/2026 20:46:45,EUR,5.92066
16/06/2026 20:46:45,BTC,334905.0
16/06/2026 20:46:51,USD,5.102
16/06/2026 20:46:51,EUR,5.92066
16/06/2026 20:46:51,BTC,334905.0
16/06/2026 20:46:56,USD,5.102
16/06/2026 20:46:56,EUR,5.92066
16/06/2026 20:46:56,BTC,334905.0
16/06/2026 20:47:02,USD,5.102
16/06/2026 20:47:02,EUR,5.92066
16/06/2026 20:47:02,BTC,334905.0
16/06/2026 20:47:07,USD,5.102
16/06/2026 20:47:07,EUR,5.92066
16/06/2026 20:47:07,BTC,334905.0
16/06/2026 20:47:13,USD,5.102
16/06/2026 20:47:13,EUR,5.92066
16/06/2026 20:47:13,BTC,334905.0
16/06/2026 20:47:19,USD,5.102
16/06/2026 20:47:19,EUR,5.92066
16/06/2026 20:47:19,BTC,334905.0
16/06/2026 20:47:24,USD,5.102
16/06/2026 20:47:24,EUR,5.92066
16/06/2026 20:47:24,BTC,334905.0
16/06/2026 20:47:30,USD,5.102
16/06/2026 20:47:30,EUR,5.92066
16/06/2026 20:47:30,BTC,334905.0
16/06/2026 20:47:35,USD,5.102
16/06/2026 20:47:35,EUR,5.92066
16/06/2026 20:47:35,BTC,334905.0
16/06/2026 20:47:41,USD,5.102
16/06/2026 20:47:41,EUR,5.92066
16/06/2026 20:47:41,BTC,334905.0
16/06/2026 20:47:47,USD,5.102
16/06/2026 20:47:47,EUR,5.92066
16/06/2026 20:47:47,BTC,334905.0
16/06/2026 20:47:52,USD,5.102
16/06/2026 20:47:52,EUR,5.92066
16/06/2026 20:47:52,BTC,334905.0
16/06/2026 20:47:58,USD,5.102
16/06/2026 20:47:58,EUR,5.92066
16/06/2026 20:47:58,BTC,334905.0
16/06/2026 20:48:03,USD,5.102
16/06/2026 20:48:03,EUR,5.92066
16/06/2026 20:48:03,BTC,334905.0
16/06/2026 20:48:09,USD,5.102
16/06/2026 20:48:09,EUR,5.92066
16/06/2026 20:48:09,BTC,334905.0
16/06/2026 20:48:15,USD,5.102
16/06/2026 20:48:15,EUR,5.92066
16/06/2026 20:48:15,BTC,334905.0
16/06/2026 20:48:20,USD,5.102
16/06/2026 20:48:20,EUR,5.92066
16/06/2026 20:48:20,BTC,334905.0
16/06/2026 20:48:26,USD,5.102
16/06/2026 20:48:26,EUR,5.92066
16/06/2026 20:48:26,BTC,334905.0
16/06/2026 20:48:31,USD,5.102
16/06/2026 20:48:31,EUR,5.92066
16/06/2026 20:48:31,BTC,334905.0
16/06/2026 20:48:37,USD,5.102
16/06/2026 20:48:37,EUR,5.92066
16/06/2026 20:48:37,BTC,334905.0
16/06/2026 20:48:43,USD,5.102
16/06/2026 20:48:43,EUR,5.92066
16/06/2026 20:48:43,BTC,334905.0
16/06/2026 20:48:48,USD,5.102
16/06/2026 20:48:48,EUR,5.92066
16/06/2026 20:48:48,BTC,334905.0
16/06/2026 20:48:54,USD,5.102
16/06/2026 20:48:54,EUR,5.92066
16/06/2026 20:48:54,BTC,334905.0
16/06/2026 20:49:00,USD,5.102
16/06/2026 20:49:00,EUR,5.92066
16/06/2026 20:49:00,BTC,334905.0
16/06/2026 20:49:06,USD,5.102
16/06/2026 20:49:06,EUR,5.92066
16/06/2026 20:49:06,BTC,334905.0
16/06/2026 20:49:11,USD,5.102
16/06/2026 20:49:11,EUR,5.92066
16/06/2026 20:49:11,BTC,334905.0
16/06/2026 20:49:17,USD,5.102
16/06/2026 20:49:17,EUR,5.92066
16/06/2026 20:49:17,BTC,334905.0
16/06/2026 20:49:22,USD,5.102
16/06/2026 20:49:22,EUR,5.92066
16/06/2026 20:49:22,BTC,334905.0
16/06/2026 20:49:28,USD,5.102
16/06/2026 20:49:28,EUR,5.92066
16/06/2026 20:49:28,BTC,334905.0
16/06/2026 20:49:33,USD,5.102
16/06/2026 20:49:33,EUR,5.92066
16/06/2026 20:49:33,BTC,334905.0
16/06/2026 20:49:39,USD,5.102
16/06/2026 20:49:39,EUR,5.92066
16/06/2026 20:49:39,BTC,334905.0
16/06/2026 20:49:45,USD,5.102
16/06/2026 20:49:45,EUR,5.92066
16/06/2026 20:49:45,BTC,334905.0
16/06/2026 20:49:51,USD,5.102
16/06/2026 20:49:51,EUR,5.92066
16/06/2026 20:49:51,BTC,334905.0
16/06/2026 20:49:56,USD,5.102
16/06/2026 20:49:56,EUR,5.92066
16/06/2026 20:49:56,BTC,334905.0
16/06/2026 20:50:02,USD,5.102
16/06/2026 20:50:02,EUR,5.92066
16/06/2026 20:50:02,BTC,334905.0
16/06/2026 20:50:08,USD,5.102
16/06/2026 20:50:08,EUR,5.92066
16/06/2026 20:50:08,BTC,334905.0
16/06/2026 20:50:13,USD,5.102
16/06/2026 20:50:13,EUR,5.92066
16/06/2026 20:50:13,BTC,334905.0
16/06/2026 20:50:19,USD,5.102
16/06/2026 20:50:19,EUR,5.92066
16/06/2026 20:50:19,BTC,334905.0
16/06/2026 20:50:24,USD,5.102
16/06/2026 20:50:24,EUR,5.92066
16/06/2026 20:50:24,BTC,334905.0
16/06/2026 20:50:30,USD,5.102
16/06/2026 20:50:30,EUR,5.92066
16/06/2026 20:50:30,BTC,334905.0
16/06/2026 20:50:36,USD,5.102
16/06/2026 20:50:36,EUR,5.92066
16/06/2026 20:50:36,BTC,334905.0
16/06/2026 20:50:41,USD,5.102
16/06/2026 20:50:41,EUR,5.92066
16/06/2026 20:50:41,BTC,334905.0
16/06/2026 20:50:47,USD,5.102
16/06/2026 20:50:47,EUR,5.92066
16/06/2026 20:50:47,BTC,334905.0
16/06/2026 20:50:52,USD,5.102
16/06/2026 20:50:52,EUR,5.92066
16/06/2026 20:50:52,BTC,334905.0
16/06/2026 20:50:58,USD,5.102
16/06/2026 20:50:58,EUR,5.92066
16/06/2026 20:50:58,BTC,334905.0
16/06/2026 20:51:03,USD,5.102
16/06/2026 20:51:03,EUR,5.92066
16/06/2026 20:51:03,BTC,334905.0
16/06/2026 20:51:09,USD,5.102
16/06/2026 20:51:09,EUR,5.92066
16/06/2026 20:51:09,BTC,334905.0
16/06/2026 20:51:15,USD,5.102
16/06/2026 20:51:15,EUR,5.92066
16/06/2026 20:51:15,BTC,334905.0
16/06/2026 20:51:20,USD,5.102
16/06/2026 20:51:20,EUR,5.92066
16/06/2026 20:51:20,BTC,334905.0
16/06/2026 20:51:26,USD,5.102
16/06/2026 20:51:26,EUR,5.92066
16/06/2026 20:51:26,BTC,334905.0
16/06/2026 20:51:31,USD,5.102
16/06/2026 20:51:31,EUR,5.92066
16/06/2026 20:51:31,BTC,334905.0
16/06/2026 20:51:37,USD,5.102
16/06/2026 20:51:37,EUR,5.92066
16/06/2026 20:51:37,BTC,334905.0
16/06/2026 20:51:43,USD,5.102
16/06/2026 20:51:43,EUR,5.92066
16/06/2026 20:51:43,BTC,334905.0
16/06/2026 20:51:49,USD,5.102
16/06/2026 20:51:49,EUR,5.92066
16/06/2026 20:51:49,BTC,334905.0
16/06/2026 20:51:54,USD,5.102
16/06/2026 20:51:54,EUR,5.92066
16/06/2026 20:51:54,BTC,334905.0
16/06/2026 20:52:00,USD,5.102
16/06/2026 20:52:00,EUR,5.92066
16/06/2026 20:52:00,BTC,334905.0
16/06/2026 20:52:06,USD,5.102
16/06/2026 20:52:06,EUR,5.92066
16/06/2026 20:52:06,BTC,334905.0
16/06/2026 20:52:11,USD,5.102
16/06/2026 20:52:11,EUR,5.92066
16/06/2026 20:52:11,BTC,334905.0
16/06/2026 20:52:17,USD,5.102
16/06/2026 20:52:17,EUR,5.92066
16/06/2026 20:52:17,BTC,334905.0
16/06/2026 20:52:22,USD,5.102
16/06/2026 20:52:22,EUR,5.92066
16/06/2026 20:52:22,BTC,334905.0
16/06/2026 20:52:28,USD,5.102
16/06/2026 20:52:28,EUR,5.92066
16/06/2026 20:52:28,BTC,334905.0
16/06/2026 20:52:33,USD,5.102
16/06/2026 20:52:33,EUR,5.92066
16/06/2026 20:52:33,BTC,334905.0
16/06/2026 20:52:39,USD,5.102
16/06/2026 20:52:39,EUR,5.92066
16/06/2026 20:52:39,BTC,334905.0
16/06/2026 20:52:44,USD,5.102
16/06/2026 20:52:44,EUR,5.92066
16/06/2026 20:52:44,BTC,334905.0
16/06/2026 20:52:50,USD,5.102
16/06/2026 20:52:50,EUR,5.92066
16/06/2026 20:52:50,BTC,334905.0
16/06/2026 20:52:55,USD,5.102
16/06/2026 20:52:55,EUR,5.92066
16/06/2026 20:52:55,BTC,334905.0
16/06/2026 20:53:01,USD,5.102
16/06/2026 20:53:01,EUR,5.92066
16/06/2026 20:53:01,BTC,334905.0
16/06/2026 20:53:06,USD,5.102
16/06/2026 20:53:06,EUR,5.92066
16/06/2026 20:53:06,BTC,334905.0
16/06/2026 20:53:12,USD,5.102
16/06/2026 20:53:12,EUR,5.92066
16/06/2026 20:53:12,BTC,334905.0
16/06/2026 20:53:17,USD,5.102
16/06/2026 20:53:17,EUR,5.92066
16/06/2026 20:53:17,BTC,334905.0
16/06/2026 20:53:23,USD,5.102
16/06/2026 20:53:23,EUR,5.92066
16/06/2026 20:53:23,BTC,334905.0
16/06/2026 20:53:29,USD,5.102
16/06/2026 20:53:29,EUR,5.92066
16/06/2026 20:53:29,BTC,334905.0
16/06/2026 20:53:34,USD,5.102
16/06/2026 20:53:34,EUR,5.92066
16/06/2026 20:53:34,BTC,334905.0
16/06/2026 20:53:40,USD,5.102
16/06/2026 20:53:40,EUR,5.92066
16/06/2026 20:53:40,BTC,334905.0
16/06/2026 20:53:46,USD,5.102
16/06/2026 20:53:46,EUR,5.92066
16/06/2026 20:53:46,BTC,334905.0
16/06/2026 20:53:51,USD,5.102
16/06/2026 20:53:51,EUR,5.92066
16/06/2026 20:53:51,BTC,334905.0
16/06/2026 20:53:57,USD,5.102
16/06/2026 20:53:57,EUR,5.92066
16/06/2026 20:53:57,BTC,334905.0
16/06/2026 20:54:02,USD,5.102
16/06/2026 20:54:02,EUR,5.92066
16/06/2026 20:54:02,BTC,334905.0
16/06/2026 20:54:08,USD,5.102
16/06/2026 20:54:08,EUR,5.92066
16/06/2026 20:54:08,BTC,334905.0
16/06/2026 20:54:14,USD,5.102
16/06/2026 20:54:14,EUR,5.92066
16/06/2026 20:54:14,BTC,334905.0
16/06/2026 20:54:19,USD,5.102
16/06/2026 20:54:19,EUR,5.92066
16/06/2026 20:54:19,BTC,334905.0
16/06/2026 20:54:25,USD,5.102
16/06/2026 20:54:25,EUR,5.92066
16/06/2026 20:54:25,BTC,334905.0
16/06/2026 20:54:30,USD,5.102
16/06/2026 20:54:30,EUR,5.92066
16/06/2026 20:54:30,BTC,334905.0
16/06/2026 20:54:36,USD,5.102
16/06/2026 20:54:36,EUR,5.92066
16/06/2026 20:54:36,BTC,334905.0
16/06/2026 20:54:41,USD,5.102
16/06/2026 20:54:41,EUR,5.92066
16/06/2026 20:54:41,BTC,334905.0
16/06/2026 20:54:47,USD,5.102
16/06/2026 20:54:47,EUR,5.92066
16/06/2026 20:54:47,BTC,334905.0
16/06/2026 20:54:52,USD,5.102
16/06/2026 20:54:52,EUR,5.92066
16/06/2026 20:54:52,BTC,334905.0
16/06/2026 20:54:58,USD,5.102
16/06/2026 20:54:58,EUR,5.92066
16/06/2026 20:54:58,BTC,334511.0
16/06/2026 20:55:04,USD,5.102
16/06/2026 20:55:04,EUR,5.92066
16/06/2026 20:55:04,BTC,334511.0
16/06/2026 20:55:09,USD,5.102
16/06/2026 20:55:09,EUR,5.92066
16/06/2026 20:55:09,BTC,334511.0
16/06/2026 20:55:15,USD,5.102
16/06/2026 20:55:15,EUR,5.92066
16/06/2026 20:55:15,BTC,334511.0
16/06/2026 20:55:20,USD,5.102
16/06/2026 20:55:20,EUR,5.92066
16/06/2026 20:55:20,BTC,334511.0
16/06/2026 20:55:26,USD,5.102
16/06/2026 20:55:26,EUR,5.92066
16/06/2026 20:55:26,BTC,334511.0
16/06/2026 20:55:31,USD,5.102
16/06/2026 20:55:31,EUR,5.92066
16/06/2026 20:55:31,BTC,334511.0
16/06/2026 20:55:37,USD,5.102
16/06/2026 20:55:37,EUR,5.92066
16/06/2026 20:55:37,BTC,334511.0
16/06/2026 20:55:42,USD,5.102
16/06/2026 20:55:42,EUR,5.92066
16/06/2026 20:55:42,BTC,334511.0
16/06/2026 20:55:48,USD,5.102
16/06/2026 20:55:48,EUR,5.92066
16/06/2026 20:55:48,BTC,334511.0
16/06/2026 20:55:54,USD,5.102
16/06/2026 20:55:54,EUR,5.92066
16/06/2026 20:55:54,BTC,334511.0
16/06/2026 20:55:59,USD,5.102
16/06/2026 20:55:59,EUR,5.92066
16/06/2026 20:55:59,BTC,334511.0
16/06/2026 20:56:05,USD,5.102
16/06/2026 20:56:05,EUR,5.92066
16/06/2026 20:56:05,BTC,334511.0
16/06/2026 20:56:10,USD,5.102
16/06/2026 20:56:10,EUR,5.92066
16/06/2026 20:56:10,BTC,334511.0
16/06/2026 20:56:16,USD,5.102
16/06/2026 20:56:16,EUR,5.92066
16/06/2026 20:56:16,BTC,334511.0
16/06/2026 20:56:21,USD,5.102
16/06/2026 20:56:21,EUR,5.92066
16/06/2026 20:56:21,BTC,334511.0
16/06/2026 20:56:27,USD,5.102
16/06/2026 20:56:27,EUR,5.92066
16/06/2026 20:56:27,BTC,334511.0
16/06/2026 20:56:32,USD,5.102
16/06/2026 20:56:32,EUR,5.92066
16/06/2026 20:56:32,BTC,334511.0
16/06/2026 20:56:38,USD,5.102
16/06/2026 20:56:38,EUR,5.92066
16/06/2026 20:56:38,BTC,334511.0
16/06/2026 20:56:44,USD,5.102
16/06/2026 20:56:44,EUR,5.92066
16/06/2026 20:56:44,BTC,334511.0
16/06/2026 20:56:49,USD,5.102
16/06/2026 20:56:49,EUR,5.92066
16/06/2026 20:56:49,BTC,334511.0
16/06/2026 20:56:55,USD,5.102
16/06/2026 20:56:55,EUR,5.92066
16/06/2026 20:56:55,BTC,334511.0
16/06/2026 20:57:00,USD,5.102
16/06/2026 20:57:00,EUR,5.92066
16/06/2026 20:57:00,BTC,334511.0
16/06/2026 20:57:06,USD,5.102
16/06/2026 20:57:06,EUR,5.92066
16/06/2026 20:57:06,BTC,334511.0
16/06/2026 20:57:11,USD,5.102
16/06/2026 20:57:11,EUR,5.92066
16/06/2026 20:57:11,BTC,334511.0
16/06/2026 20:57:17,USD,5.102
16/06/2026 20:57:17,EUR,5.92066
16/06/2026 20:57:17,BTC,334511.0
16/06/2026 20:57:23,USD,5.102
16/06/2026 20:57:23,EUR,5.92066
16/06/2026 20:57:23,BTC,334511.0
16/06/2026 20:57:28,USD,5.102
16/06/2026 20:57:28,EUR,5.92066
16/06/2026 20:57:28,BTC,334511.0
16/06/2026 20:57:34,USD,5.102
16/06/2026 20:57:34,EUR,5.92066
16/06/2026 20:57:34,BTC,334511.0
16/06/2026 20:57:39,USD,5.102
16/06/2026 20:57:39,EUR,5.92066
16/06/2026 20:57:39,BTC,334511.0
16/06/2026 20:57:45,USD,5.102
16/06/2026 20:57:45,EUR,5.92066
16/06/2026 20:57:45,BTC,334511.0
16/06/2026 20:57:50,USD,5.102
16/06/2026 20:57:50,EUR,5.92066
16/06/2026 20:57:50,BTC,334511.0
16/06/2026 20:57:56,USD,5.102
16/06/2026 20:57:56,EUR,5.92066
16/06/2026 20:57:56,BTC,334511.0
16/06/2026 20:58:01,USD,5.102
16/06/2026 20:58:01,EUR,5.92066
16/06/2026 20:58:01,BTC,334511.0
16/06/2026 20:58:07,USD,5.102
16/06/2026 20:58:07,EUR,5.92066
16/06/2026 20:58:07,BTC,334511.0
16/06/2026 20:58:12,USD,5.102
16/06/2026 20:58:12,EUR,5.92066
16/06/2026 20:58:12,BTC,334511.0
16/06/2026 20:58:18,USD,5.102
16/06/2026 20:58:18,EUR,5.92066
16/06/2026 20:58:18,BTC,334511.0
16/06/2026 20:58:23,USD,5.102
16/06/2026 20:58:23,EUR,5.92066
16/06/2026 20:58:23,BTC,334511.0
16/06/2026 20:58:29,USD,5.102
16/06/2026 20:58:29,EUR,5.92066
16/06/2026 20:58:29,BTC,334511.0
16/06/2026 20:58:35,USD,5.102
16/06/2026 20:58:35,EUR,5.92066
16/06/2026 20:58:35,BTC,334511.0
16/06/2026 20:58:40,USD,5.102
16/06/2026 20:58:40,EUR,5.92066
16/06/2026 20:58:40,BTC,334511.0
16/06/2026 20:58:46,USD,5.102
16/06/2026 20:58:46,EUR,5.92066
16/06/2026 20:58:46,BTC,334511.0
16/06/2026 20:58:51,USD,5.102
16/06/2026 20:58:51,EUR,5.92066
16/06/2026 20:58:51,BTC,334511.0
16/06/2026 20:58:57,USD,5.102
16/06/2026 20:58:57,EUR,5.92066
16/06/2026 20:58:57,BTC,334511.0
16/06/2026 20:59:02,USD,5.102
16/06/2026 20:59:02,EUR,5.92066
16/06/2026 20:59:02,BTC,334511.0
16/06/2026 20:59:08,USD,5.102
16/06/2026 20:59:08,EUR,5.92066
16/06/2026 20:59:08,BTC,334511.0
16/06/2026 20:59:13,USD,5.102
16/06/2026 20:59:13,EUR,5.92066
16/06/2026 20:59:13,BTC,334511.0
16/06/2026 20:59:19,USD,5.102
16/06/2026 20:59:19,EUR,5.92066
16/06/2026 20:59:19,BTC,334511.0
16/06/2026 20:59:25,USD,5.102
16/06/2026 20:59:25,EUR,5.92066
16/06/2026 20:59:25,BTC,334511.0
16/06/2026 20:59:30,USD,5.102
16/06/2026 20:59:30,EUR,5.92066
16/06/2026 20:59:30,BTC,334511.0
16/06/2026 20:59:36,USD,5.102
16/06/2026 20:59:36,EUR,5.92066
16/06/2026 20:59:36,BTC,334511.0
16/06/2026 20:59:41,USD,5.102
16/06/2026 20:59:41,EUR,5.92066
16/06/2026 20:59:41,BTC,334511.0
16/06/2026 20:59:47,USD,5.102
16/06/2026 20:59:47,EUR,5.92066
16/06/2026 20:59:47,BTC,334511.0
16/06/2026 20:59:52,USD,5.102
16/06/2026 20:59:52,EUR,5.92066
16/06/2026 20:59:52,BTC,334511.0
16/06/2026 20:59:58,USD,5.1024
16/06/2026 20:59:58,EUR,5.92066
16/06/2026 20:59:58,BTC,334612.0
16/06/2026 21:00:04,USD,5.1024
16/06/2026 21:00:04,EUR,5.92066
16/06/2026 21:00:04,BTC,334612.0
16/06/2026 21:00:10,USD,5.1024
16/06/2026 21:00:10,EUR,5.92066
16/06/2026 21:00:10,BTC,334612.0
16/06/2026 21:00:15,USD,5.1024
16/06/2026 21:00:15,EUR,5.92066
16/06/2026 21:00:15,BTC,334612.0
16/06/2026 21:00:21,USD,5.1024
16/06/2026 21:00:21,EUR,5.92066
16/06/2026 21:00:21,BTC,334612.0
16/06/2026 21:00:26,USD,5.1024
16/06/2026 21:00:26,EUR,5.92066
16/06/2026 21:00:26,BTC,334612.0
16/06/2026 21:00:32,USD,5.1024
16/06/2026 21:00:32,EUR,5.92066
16/06/2026 21:00:32,BTC,334612.0
16/06/2026 21:00:37,USD,5.1024
16/06/2026 21:00:37,EUR,5.92066
16/06/2026 21:00:37,BTC,334612.0
16/06/2026 21:00:43,USD,5.1024
16/06/2026 21:00:43,EUR,5.92066
16/06/2026 21:00:43,BTC,334612.0
16/06/2026 21:00:49,USD,5.1024
16/06/2026 21:00:49,EUR,5.92066
16/06/2026 21:00:49,BTC,334612.0
16/06/2026 21:00:54,USD,5.1024
16/06/2026 21:00:54,EUR,5.92066
16/06/2026 21:00:54,BTC,334612.0
16/06/2026 21:01:00,USD,5.1024
16/06/2026 21:01:00,EUR,5.92066
16/06/2026 21:01:00,BTC,334612.0
16/06/2026 21:01:05,USD,5.1024
16/06/2026 21:01:05,EUR,5.92066
16/06/2026 21:01:05,BTC,334612.0
16/06/2026 21:01:11,USD,5.1024
16/06/2026 21:01:11,EUR,5.92066
16/06/2026 21:01:11,BTC,334612.0
16/06/2026 21:01:17,USD,5.1024
16/06/2026 21:01:17,EUR,5.92066
16/06/2026 21:01:17,BTC,334612.0
16/06/2026 21:01:22,USD,5.1024
16/06/2026 21:01:22,EUR,5.92066
16/06/2026 21:01:22,BTC,334612.0
16/06/2026 21:01:28,USD,5.1024
16/06/2026 21:01:28,EUR,5.92066
16/06/2026 21:01:28,BTC,334612.0
16/06/2026 21:01:33,USD,5.1024
16/06/2026 21:01:33,EUR,5.92066
16/06/2026 21:01:33,BTC,334612.0
16/06/2026 21:01:39,USD,5.1024
16/06/2026 21:01:39,EUR,5.92066
16/06/2026 21:01:39,BTC,334612.0
16/06/2026 21:01:45,USD,5.1024
16/06/2026 21:01:45,EUR,5.92066
16/06/2026 21:01:45,BTC,334612.0
16/06/2026 21:01:50,USD,5.1024
16/06/2026 21:01:50,EUR,5.92066
16/06/2026 21:01:50,BTC,334612.0
16/06/2026 21:01:56,USD,5.1024
16/06/2026 21:01:56,EUR,5.92066
16/06/2026 21:01:56,BTC,334612.0
16/06/2026 21:02:01,USD,5.1024
16/06/2026 21:02:01,EUR,5.92066
16/06/2026 21:02:01,BTC,334612.0
16/06/2026 21:02:07,USD,5.1024
16/06/2026 21:02:07,EUR,5.92066
16/06/2026 21:02:07,BTC,334612.0
16/06/2026 21:02:12,USD,5.1024
16/06/2026 21:02:12,EUR,5.92066
16/06/2026 21:02:12,BTC,334612.0
16/06/2026 21:02:18,USD,5.1024
16/06/2026 21:02:18,EUR,5.92066
16/06/2026 21:02:18,BTC,334612.0
16/06/2026 21:02:23,USD,5.1024
16/06/2026 21:02:23,EUR,5.92066
16/06/2026 21:02:23,BTC,334612.0
16/06/2026 21:02:29,USD,5.1024
16/06/2026 21:02:29,EUR,5.92066
16/06/2026 21:02:29,BTC,334612.0
16/06/2026 21:02:34,USD,5.1024
16/06/2026 21:02:34,EUR,5.92066
16/06/2026 21:02:34,BTC,334612.0
16/06/2026 21:02:40,USD,5.1024
16/06/2026 21:02:40,EUR,5.92066
16/06/2026 21:02:40,BTC,334612.0
16/06/2026 21:19:18,USD,5.1021
16/06/2026 21:19:18,EUR,5.92066
16/06/2026 21:19:18,BTC,334858.0
16/06/2026 21:19:24,USD,5.1024
16/06/2026 21:19:24,EUR,5.92066
16/06/2026 21:19:24,BTC,334612.0
16/06/2026 21:19:29,USD,5.1021
16/06/2026 21:19:29,EUR,5.92066
16/06/2026 21:19:29,BTC,334858.0
16/06/2026 21:19:35,USD,5.1021
16/06/2026 21:19:35,EUR,5.92066
16/06/2026 21:19:35,BTC,334858.0
16/06/2026 21:19:41,USD,5.1021
16/06/2026 21:19:41,EUR,5.92066
16/06/2026 21:19:41,BTC,334858.0
16/06/2026 21:19:47,USD,5.1021
16/06/2026 21:19:47,EUR,5.92066
16/06/2026 21:19:47,BTC,334858.0
16/06/2026 21:19:52,USD,5.1021
16/06/2026 21:19:52,EUR,5.92066
16/06/2026 21:19:52,BTC,334858.0
16/06/2026 21:19:58,USD,5.1021
16/06/2026 21:19:58,EUR,5.92066
16/06/2026 21:19:58,BTC,334858.0
16/06/2026 21:20:03,USD,5.1021
16/06/2026 21:20:03,EUR,5.92066
16/06/2026 21:20:03,BTC,334858.0
16/06/2026 21:20:09,USD,5.1021
16/06/2026 21:20:09,EUR,5.92066
16/06/2026 21:20:09,BTC,334858.0
16/06/2026 21:20:15,USD,5.1021
16/06/2026 21:20:15,EUR,5.92066
16/06/2026 21:20:15,BTC,334858.0
16/06/2026 21:20:20,USD,5.1021
16/06/2026 21:20:20,EUR,5.92066
16/06/2026 21:20:20,BTC,334858.0
16/06/2026 21:20:26,USD,5.1021
16/06/2026 21:20:26,EUR,5.92066
16/06/2026 21:20:26,BTC,334858.0
16/06/2026 21:20:32,USD,5.1021
16/06/2026 21:20:32,EUR,5.92066
16/06/2026 21:20:32,BTC,334858.0
16/06/2026 21:20:37,USD,5.1021
16/06/2026 21:20:37,EUR,5.92066
16/06/2026 21:20:37,BTC,334858.0
16/06/2026 21:20:43,USD,5.1021
16/06/2026 21:20:43,EUR,5.92066
16/06/2026 21:20:43,BTC,334858.0
16/06/2026 21:20:48,USD,5.1021
16/06/2026 21:20:48,EUR,5.92066
16/06/2026 21:20:48,BTC,334858.0
16/06/2026 21:20:54,USD,5.1021
16/06/2026 21:20:54,EUR,5.92066
16/06/2026 21:20:54,BTC,334858.0
16/06/2026 21:21:00,USD,5.1021
16/06/2026 21:21:00,EUR,5.92066
16/06/2026 21:21:00,BTC,334858.0
16/06/2026 21:21:05,USD,5.1021
16/06/2026 21:21:05,EUR,5.92066
16/06/2026 21:21:05,BTC,334858.0
16/06/2026 21:21:11,USD,5.1021
16/06/2026 21:21:11,EUR,5.92066
16/06/2026 21:21:11,BTC,334858.0
16/06/2026 21:21:16,USD,5.1021
16/06/2026 21:21:16,EUR,5.92066
16/06/2026 21:21:16,BTC,334858.0
16/06/2026 21:21:22,USD,5.1021
16/06/2026 21:21:22,EUR,5.92066
16/06/2026 21:21:22,BTC,334858.0
16/06/2026 21:21:27,USD,5.1021
16/06/2026 21:21:27,EUR,5.92066
16/06/2026 21:21:27,BTC,334858.0
16/06/2026 21:21:33,USD,5.1021
16/06/2026 21:21:33,EUR,5.92066
16/06/2026 21:21:33,BTC,334858.0
16/06/2026 21:21:38,USD,5.1021
16/06/2026 21:21:38,EUR,5.92066
16/06/2026 21:21:38,BTC,334858.0
16/06/2026 21:21:44,USD,5.1021
16/06/2026 21:21:44,EUR,5.92066
16/06/2026 21:21:44,BTC,334858.0
16/06/2026 21:21:50,USD,5.1021
16/06/2026 21:21:50,EUR,5.92066
16/06/2026 21:21:50,BTC,334858.0
16/06/2026 21:21:55,USD,5.1021
16/06/2026 21:21:55,EUR,5.92066
16/06/2026 21:21:55,BTC,334858.0
16/06/2026 21:22:01,USD,5.1021
16/06/2026 21:22:01,EUR,5.92066
16/06/2026 21:22:01,BTC,334858.0
16/06/2026 21:22:06,USD,5.1021
16/06/2026 21:22:06,EUR,5.92066
16/06/2026 21:22:06,BTC,334858.0
16/06/2026 21:22:12,USD,5.1021
16/06/2026 21:22:12,EUR,5.92066
16/06/2026 21:22:12,BTC,334858.0
16/06/2026 21:22:17,USD,5.1021
16/06/2026 21:22:17,EUR,5.92066
16/06/2026 21:22:17,BTC,334858.0
16/06/2026 21:22:23,USD,5.1021
16/06/2026 21:22:23,EUR,5.92066
16/06/2026 21:22:23,BTC,334858.0
16/06/2026 21:22:28,USD,5.1021
16/06/2026 21:22:28,EUR,5.92066
16/06/2026 21:22:28,BTC,334858.0
16/06/2026 21:22:34,USD,5.1021
16/06/2026 21:22:34,EUR,5.92066
16/06/2026 21:22:34,BTC,334858.0
16/06/2026 21:22:39,USD,5.1021
16/06/2026 21:22:39,EUR,5.92066
16/06/2026 21:22:39,BTC,334858.0
16/06/2026 21:22:45,USD,5.1021
16/06/2026 21:22:45,EUR,5.92066
16/06/2026 21:22:45,BTC,334858.0
16/06/2026 21:22:50,USD,5.1021
16/06/2026 21:22:50,EUR,5.92066
16/06/2026 21:22:50,BTC,334858.0
16/06/2026 21:22:56,USD,5.1021
16/06/2026 21:22:56,EUR,5.92066
16/06/2026 21:22:56,BTC,334858.0
16/06/2026 21:23:01,USD,5.1021
16/06/2026 21:23:01,EUR,5.92066
16/06/2026 21:23:01,BTC,334858.0
16/06/2026 21:23:07,USD,5.1021
16/06/2026 21:23:07,EUR,5.92066
16/06/2026 21:23:07,BTC,334858.0
16/06/2026 21:23:13,USD,5.1021
16/06/2026 21:23:13,EUR,5.92066
16/06/2026 21:23:13,BTC,334858.0
16/06/2026 21:23:18,USD,5.1021
16/06/2026 21:23:18,EUR,5.92066
16/06/2026 21:23:18,BTC,334858.0
16/06/2026 21:23:24,USD,5.1021
16/06/2026 21:23:24,EUR,5.92066
16/06/2026 21:23:24,BTC,334858.0
16/06/2026 21:23:29,USD,5.1021
16/06/2026 21:23:29,EUR,5.92066
16/06/2026 21:23:29,BTC,334858.0
16/06/2026 21:23:35,USD,5.1021
16/06/2026 21:23:35,EUR,5.92066
16/06/2026 21:23:35,BTC,334858.0
16/06/2026 21:23:40,USD,5.1021
16/06/2026 21:23:40,EUR,5.92066
16/06/2026 21:23:40,BTC,334858.0
16/06/2026 21:23:46,USD,5.1021
16/06/2026 21:23:46,EUR,5.92066
16/06/2026 21:23:46,BTC,334858.0
16/06/2026 21:23:51,USD,5.1021
16/06/2026 21:23:51,EUR,5.92066
16/06/2026 21:23:51,BTC,334858.0
16/06/2026 21:23:57,USD,5.1021
16/06/2026 21:23:57,EUR,5.92066
16/06/2026 21:23:57,BTC,334858.0
16/06/2026 21:24:03,USD,5.1021
16/06/2026 21:24:03,EUR,5.92066
16/06/2026 21:24:03,BTC,334858.0
16/06/2026 21:24:08,USD,5.1021
16/06/2026 21:24:08,EUR,5.92066
16/06/2026 21:24:08,BTC,334858.0
16/06/2026 21:24:14,USD,5.1021
16/06/2026 21:24:14,EUR,5.92066
16/06/2026 21:24:14,BTC,334858.0
16/06/2026 21:24:20,USD,5.1021
16/06/2026 21:24:20,EUR,5.92066
16/06/2026 21:24:20,BTC,334858.0
16/06/2026 21:24:26,USD,5.1021
16/06/2026 21:24:26,EUR,5.92066
16/06/2026 21:24:26,BTC,334858.0
16/06/2026 21:24:31,USD,5.1021
16/06/2026 21:24:31,EUR,5.92066
16/06/2026 21:24:31,BTC,334614.0
16/06/2026 21:24:37,USD,5.1021
16/06/2026 21:24:37,EUR,5.92066
16/06/2026 21:24:37,BTC,334614.0
16/06/2026 21:24:42,USD,5.1021
16/06/2026 21:24:42,EUR,5.92066
16/06/2026 21:24:42,BTC,334614.0
16/06/2026 21:24:48,USD,5.1021
16/06/2026 21:24:48,EUR,5.92066
16/06/2026 21:24:48,BTC,334614.0
16/06/2026 21:24:53,USD,5.1021
16/06/2026 21:24:53,EUR,5.92066
16/06/2026 21:24:53,BTC,334614.0
16/06/2026 21:24:59,USD,5.1021
16/06/2026 21:24:59,EUR,5.92066
16/06/2026 21:24:59,BTC,334614.0
16/06/2026 21:25:05,USD,5.1021
16/06/2026 21:25:05,EUR,5.92066
16/06/2026 21:25:05,BTC,334614.0
16/06/2026 21:25:10,USD,5.1021
16/06/2026 21:25:10,EUR,5.92066
16/06/2026 21:25:10,BTC,334614.0
16/06/2026 21:25:16,USD,5.1021
16/06/2026 21:25:16,EUR,5.92066
16/06/2026 21:25:16,BTC,334614.0
16/06/2026 21:25:21,USD,5.1021
16/06/2026 21:25:21,EUR,5.92066
16/06/2026 21:25:21,BTC,334614.0
16/06/2026 21:25:27,USD,5.1021
16/06/2026 21:25:27,EUR,5.92066
16/06/2026 21:25:27,BTC,334614.0
16/06/2026 21:25:32,USD,5.1021
16/06/2026 21:25:32,EUR,5.92066
16/06/2026 21:25:32,BTC,334614.0
16/06/2026 21:25:38,USD,5.1021
16/06/2026 21:25:38,EUR,5.92066
16/06/2026 21:25:38,BTC,334614.0
16/06/2026 21:25:43,USD,5.1021
16/06/2026 21:25:43,EUR,5.92066
16/06/2026 21:25:43,BTC,334614.0
16/06/2026 21:25:49,USD,5.1021
16/06/2026 21:25:49,EUR,5.92066
16/06/2026 21:25:49,BTC,334614.0
16/06/2026 21:25:55,USD,5.1021
16/06/2026 21:25:55,EUR,5.92066
16/06/2026 21:25:55,BTC,334614.0
16/06/2026 21:26:01,USD,5.1021
16/06/2026 21:26:01,EUR,5.92066
16/06/2026 21:26:01,BTC,334614.0
16/06/2026 21:26:06,USD,5.1021
16/06/2026 21:26:06,EUR,5.92066
16/06/2026 21:26:06,BTC,334614.0
16/06/2026 21:26:12,USD,5.1021
16/06/2026 21:26:12,EUR,5.92066
16/06/2026 21:26:12,BTC,334614.0
16/06/2026 21:26:17,USD,5.1021
16/06/2026 21:26:17,EUR,5.92066
16/06/2026 21:26:17,BTC,334614.0
16/06/2026 21:26:24,USD,5.1021
16/06/2026 21:26:24,EUR,5.92066
16/06/2026 21:26:24,BTC,334614.0
16/06/2026 21:26:29,USD,5.1021
16/06/2026 21:26:29,EUR,5.92066
16/06/2026 21:26:29,BTC,334614.0
16/06/2026 21:26:35,USD,5.1021
16/06/2026 21:26:35,EUR,5.92066
16/06/2026 21:26:35,BTC,334614.0
16/06/2026 21:26:40,USD,5.1021
16/06/2026 21:26:40,EUR,5.92066
16/06/2026 21:26:40,BTC,334614.0
16/06/2026 21:26:46,USD,5.1021
16/06/2026 21:26:46,EUR,5.92066
16/06/2026 21:26:46,BTC,334614.0
16/06/2026 21:26:52,USD,5.1021
16/06/2026 21:26:52,EUR,5.92066
16/06/2026 21:26:52,BTC,334614.0
16/06/2026 21:26:57,USD,5.1021
16/06/2026 21:26:57,EUR,5.92066
16/06/2026 21:26:57,BTC,334614.0
16/06/2026 21:27:03,USD,5.1021
16/06/2026 21:27:03,EUR,5.92066
16/06/2026 21:27:03,BTC,334614.0
16/06/2026 21:27:08,USD,5.1021
16/06/2026 21:27:08,EUR,5.92066
16/06/2026 21:27:08,BTC,334614.0
16/06/2026 21:27:14,USD,5.1021
16/06/2026 21:27:14,EUR,5.92066
16/06/2026 21:27:14,BTC,334614.0
16/06/2026 21:27:20,USD,5.1021
16/06/2026 21:27:20,EUR,5.92066
16/06/2026 21:27:20,BTC,334614.0
16/06/2026 21:27:25,USD,5.1021
16/06/2026 21:27:25,EUR,5.92066
16/06/2026 21:27:25,BTC,334614.0
16/06/2026 21:27:31,USD,5.1021
16/06/2026 21:27:31,EUR,5.92066
16/06/2026 21:27:31,BTC,334614.0
16/06/2026 21:27:37,USD,5.1021
16/06/2026 21:27:37,EUR,5.92066
16/06/2026 21:27:37,BTC,334614.0
16/06/2026 21:27:42,USD,5.1021
16/06/2026 21:27:42,EUR,5.92066
16/06/2026 21:27:42,BTC,334614.0
16/06/2026 21:27:48,USD,5.1021
16/06/2026 21:27:48,EUR,5.92066
16/06/2026 21:27:48,BTC,334614.0
16/06/2026 21:27:53,USD,5.1021
16/06/2026 21:27:53,EUR,5.92066
16/06/2026 21:27:53,BTC,334614.0
16/06/2026 21:27:59,USD,5.1021
16/06/2026 21:27:59,EUR,5.92066
16/06/2026 21:27:59,BTC,334614.0
16/06/2026 21:28:04,USD,5.1021
16/06/2026 21:28:04,EUR,5.92066
16/06/2026 21:28:04,BTC,334614.0
16/06/2026 21:28:10,USD,5.1021
16/06/2026 21:28:10,EUR,5.92066
16/06/2026 21:28:10,BTC,334614.0
16/06/2026 21:28:16,USD,5.1021
16/06/2026 21:28:16,EUR,5.92066
16/06/2026 21:28:16,BTC,334614.0
16/06/2026 21:28:21,USD,5.1021
16/06/2026 21:28:21,EUR,5.92066
16/06/2026 21:28:21,BTC,334614.0
16/06/2026 21:28:27,USD,5.1021
16/06/2026 21:28:27,EUR,5.92066
16/06/2026 21:28:27,BTC,334614.0
16/06/2026 21:28:33,USD,5.1021
16/06/2026 21:28:33,EUR,5.92066
16/06/2026 21:28:33,BTC,334614.0
16/06/2026 21:28:38,USD,5.1021
16/06/2026 21:28:38,EUR,5.92066
16/06/2026 21:28:38,BTC,334614.0
16/06/2026 21:28:44,USD,5.1021
16/06/2026 21:28:44,EUR,5.92066
16/06/2026 21:28:44,BTC,334614.0
16/06/2026 21:28:49,USD,5.1021
16/06/2026 21:28:49,EUR,5.92066
16/06/2026 21:28:49,BTC,334614.0
16/06/2026 21:28:55,USD,5.1021
16/06/2026 21:28:55,EUR,5.92066
16/06/2026 21:28:55,BTC,334614.0
16/06/2026 21:29:01,USD,5.1021
16/06/2026 21:29:01,EUR,5.92066
16/06/2026 21:29:01,BTC,334614.0
16/06/2026 21:29:06,USD,5.1021
16/06/2026 21:29:06,EUR,5.92066
16/06/2026 21:29:06,BTC,334614.0
16/06/2026 21:29:13,USD,5.1021
16/06/2026 21:29:13,EUR,5.92066
16/06/2026 21:29:13,BTC,334614.0
16/06/2026 21:29:18,USD,5.1021
16/06/2026 21:29:18,EUR,5.92066
16/06/2026 21:29:18,BTC,334614.0
16/06/2026 21:29:24,USD,5.1021
16/06/2026 21:29:24,EUR,5.92066
16/06/2026 21:29:24,BTC,334614.0
16/06/2026 21:29:30,USD,5.1021
16/06/2026 21:29:30,EUR,5.92066
16/06/2026 21:29:30,BTC,334614.0
16/06/2026 21:29:35,USD,5.1021
16/06/2026 21:29:35,EUR,5.92066
16/06/2026 21:29:35,BTC,334642.0
16/06/2026 21:29:41,USD,5.1021
16/06/2026 21:29:41,EUR,5.92066
16/06/2026 21:29:41,BTC,334642.0
16/06/2026 21:29:46,USD,5.1021
16/06/2026 21:29:46,EUR,5.92066
16/06/2026 21:29:46,BTC,334642.0
16/06/2026 21:29:52,USD,5.1021
16/06/2026 21:29:52,EUR,5.92066
16/06/2026 21:29:52,BTC,334642.0
16/06/2026 21:29:58,USD,5.1021
16/06/2026 21:29:58,EUR,5.92066
16/06/2026 21:29:58,BTC,334642.0
16/06/2026 21:30:03,USD,5.1021
16/06/2026 21:30:03,EUR,5.92066
16/06/2026 21:30:03,BTC,334642.0
16/06/2026 21:30:09,USD,5.1021
16/06/2026 21:30:09,EUR,5.92066
16/06/2026 21:30:09,BTC,334642.0
16/06/2026 21:30:15,USD,5.1021
16/06/2026 21:30:15,EUR,5.92066
16/06/2026 21:30:15,BTC,334642.0
16/06/2026 21:30:20,USD,5.1021
16/06/2026 21:30:20,EUR,5.92066
16/06/2026 21:30:20,BTC,334642.0
16/06/2026 21:30:26,USD,5.1021
16/06/2026 21:30:26,EUR,5.92066
16/06/2026 21:30:26,BTC,334642.0
16/06/2026 21:30:32,USD,5.1021
16/06/2026 21:30:32,EUR,5.92066
16/06/2026 21:30:32,BTC,334642.0
16/06/2026 21:30:37,USD,5.1021
16/06/2026 21:30:37,EUR,5.92066
16/06/2026 21:30:37,BTC,334642.0
16/06/2026 21:30:43,USD,5.1021
16/06/2026 21:30:43,EUR,5.92066
16/06/2026 21:30:43,BTC,334642.0
16/06/2026 21:30:48,USD,5.1021
16/06/2026 21:30:48,EUR,5.92066
16/06/2026 21:30:48,BTC,334642.0
16/06/2026 21:30:54,USD,5.1021
16/06/2026 21:30:54,EUR,5.92066
16/06/2026 21:30:54,BTC,334642.0
16/06/2026 21:30:59,USD,5.1021
16/06/2026 21:30:59,EUR,5.92066
16/06/2026 21:30:59,BTC,334642.0
16/06/2026 21:31:05,USD,5.1021
16/06/2026 21:31:05,EUR,5.92066
16/06/2026 21:31:05,BTC,334642.0
16/06/2026 21:31:10,USD,5.1021
16/06/2026 21:31:10,EUR,5.92066
16/06/2026 21:31:10,BTC,334642.0
16/06/2026 21:31:16,USD,5.1021
16/06/2026 21:31:16,EUR,5.92066
16/06/2026 21:31:16,BTC,334642.0
16/06/2026 21:31:22,USD,5.1021
16/06/2026 21:31:22,EUR,5.92066
16/06/2026 21:31:22,BTC,334642.0
16/06/2026 21:31:27,USD,5.1021
16/06/2026 21:31:27,EUR,5.92066
16/06/2026 21:31:27,BTC,334642.0
16/06/2026 21:31:33,USD,5.1021
16/06/2026 21:31:33,EUR,5.92066
16/06/2026 21:31:33,BTC,334642.0
16/06/2026 21:31:39,USD,5.1021
16/06/2026 21:31:39,EUR,5.92066
16/06/2026 21:31:39,BTC,334642.0
16/06/2026 21:31:44,USD,5.1021
16/06/2026 21:31:44,EUR,5.92066
16/06/2026 21:31:44,BTC,334642.0
16/06/2026 21:31:50,USD,5.1021
16/06/2026 21:31:50,EUR,5.92066
16/06/2026 21:31:50,BTC,334642.0
16/06/2026 21:31:55,USD,5.1021
16/06/2026 21:31:55,EUR,5.92066
16/06/2026 21:31:55,BTC,334642.0
16/06/2026 21:32:01,USD,5.1021
16/06/2026 21:32:01,EUR,5.92066
16/06/2026 21:32:01,BTC,334642.0
16/06/2026 21:32:06,USD,5.1021
16/06/2026 21:32:06,EUR,5.92066
16/06/2026 21:32:06,BTC,334642.0
16/06/2026 21:32:12,USD,5.1021
16/06/2026 21:32:12,EUR,5.92066
16/06/2026 21:32:12,BTC,334642.0
16/06/2026 21:32:18,USD,5.1021
16/06/2026 21:32:18,EUR,5.92066
16/06/2026 21:32:18,BTC,334642.0
16/06/2026 21:32:23,USD,5.1021
16/06/2026 21:32:23,EUR,5.92066
16/06/2026 21:32:23,BTC,334642.0
16/06/2026 21:32:30,USD,5.1021
16/06/2026 21:32:30,EUR,5.92066
16/06/2026 21:32:30,BTC,334642.0
16/06/2026 21:32:36,USD,5.1021
16/06/2026 21:32:36,EUR,5.92066
16/06/2026 21:32:36,BTC,334642.0
16/06/2026 21:32:41,USD,5.1021
16/06/2026 21:32:41,EUR,5.92066
16/06/2026 21:32:41,BTC,334642.0
16/06/2026 21:32:47,USD,5.1021
16/06/2026 21:32:47,EUR,5.92066
16/06/2026 21:32:47,BTC,334642.0
16/06/2026 21:32:52,USD,5.1021
16/06/2026 21:32:52,EUR,5.92066
16/06/2026 21:32:52,BTC,334642.0
16/06/2026 21:32:58,USD,5.1021
16/06/2026 21:32:58,EUR,5.92066
16/06/2026 21:32:58,BTC,334642.0
16/06/2026 21:33:04,USD,5.1021
16/06/2026 21:33:04,EUR,5.92066
16/06/2026 21:33:04,BTC,334642.0
16/06/2026 21:33:09,USD,5.1021
16/06/2026 21:33:09,EUR,5.92066
16/06/2026 21:33:09,BTC,334642.0
16/06/2026 21:33:15,USD,5.1021
16/06/2026 21:33:15,EUR,5.92066
16/06/2026 21:33:15,BTC,334642.0
16/06/2026 21:33:20,USD,5.1021
16/06/2026 21:33:20,EUR,5.92066
16/06/2026 21:33:20,BTC,334642.0
16/06/2026 21:33:26,USD,5.1021
16/06/2026 21:33:26,EUR,5.92066
16/06/2026 21:33:26,BTC,334642.0
16/06/2026 21:33:31,USD,5.1021
16/06/2026 21:33:31,EUR,5.92066
16/06/2026 21:33:31,BTC,334642.0
16/06/2026 21:33:37,USD,5.1021
16/06/2026 21:33:37,EUR,5.92066
16/06/2026 21:33:37,BTC,334642.0
16/06/2026 21:33:42,USD,5.1021
16/06/2026 21:33:42,EUR,5.92066
16/06/2026 21:33:42,BTC,334642.0
16/06/2026 21:33:48,USD,5.1021
16/06/2026 21:33:48,EUR,5.92066
16/06/2026 21:33:48,BTC,334642.0
16/06/2026 21:33:53,USD,5.1021
16/06/2026 21:33:53,EUR,5.92066
16/06/2026 21:33:53,BTC,334642.0
16/06/2026 21:33:59,USD,5.1021
16/06/2026 21:33:59,EUR,5.92066
16/06/2026 21:33:59,BTC,334642.0
16/06/2026 21:34:04,USD,5.1021
16/06/2026 21:34:04,EUR,5.92066
16/06/2026 21:34:04,BTC,334642.0
16/06/2026 21:34:10,USD,5.1021
16/06/2026 21:34:10,EUR,5.92066
16/06/2026 21:34:10,BTC,334642.0
16/06/2026 21:34:16,USD,5.1021
16/06/2026 21:34:16,EUR,5.92066
16/06/2026 21:34:16,BTC,334642.0
16/06/2026 21:34:21,USD,5.1021
16/06/2026 21:34:21,EUR,5.92066
16/06/2026 21:34:21,BTC,334642.0
16/06/2026 21:34:27,USD,5.1021
16/06/2026 21:34:27,EUR,5.92066
16/06/2026 21:34:27,BTC,334642.0
16/06/2026 21:34:32,USD,5.1021
16/06/2026 21:34:32,EUR,5.92066
16/06/2026 21:34:32,BTC,334642.0
16/06/2026 21:34:38,USD,5.1021
16/06/2026 21:34:38,EUR,5.92066
16/06/2026 21:34:38,BTC,334587.0
16/06/2026 21:34:43,USD,5.1021
16/06/2026 21:34:43,EUR,5.92066
16/06/2026 21:34:43,BTC,334587.0
16/06/2026 21:34:49,USD,5.1021
16/06/2026 21:34:49,EUR,5.92066
16/06/2026 21:34:49,BTC,334587.0
16/06/2026 21:34:54,USD,5.1021
16/06/2026 21:34:54,EUR,5.92066
16/06/2026 21:34:54,BTC,334587.0
16/06/2026 21:35:00,USD,5.1021
16/06/2026 21:35:00,EUR,5.92066
16/06/2026 21:35:00,BTC,334587.0
16/06/2026 21:35:06,USD,5.1021
16/06/2026 21:35:06,EUR,5.92066
16/06/2026 21:35:06,BTC,334587.0
16/06/2026 21:35:11,USD,5.1021
16/06/2026 21:35:11,EUR,5.92066
16/06/2026 21:35:11,BTC,334587.0
16/06/2026 21:35:17,USD,5.1021
16/06/2026 21:35:17,EUR,5.92066
16/06/2026 21:35:17,BTC,334587.0
16/06/2026 21:35:22,USD,5.1021
16/06/2026 21:35:22,EUR,5.92066
16/06/2026 21:35:22,BTC,334587.0
16/06/2026 21:35:28,USD,5.1021
16/06/2026 21:35:28,EUR,5.92066
16/06/2026 21:35:28,BTC,334587.0
16/06/2026 21:35:34,USD,5.1021
16/06/2026 21:35:34,EUR,5.92066
16/06/2026 21:35:34,BTC,334587.0
16/06/2026 21:35:39,USD,5.1021
16/06/2026 21:35:39,EUR,5.92066
16/06/2026 21:35:39,BTC,334587.0
16/06/2026 21:35:45,USD,5.1021
16/06/2026 21:35:45,EUR,5.92066
16/06/2026 21:35:45,BTC,334587.0
16/06/2026 21:35:50,USD,5.1021
16/06/2026 21:35:50,EUR,5.92066
16/06/2026 21:35:50,BTC,334587.0
16/06/2026 21:35:56,USD,5.1021
16/06/2026 21:35:56,EUR,5.92066
16/06/2026 21:35:56,BTC,334587.0
16/06/2026 21:36:02,USD,5.1021
16/06/2026 21:36:02,EUR,5.92066
16/06/2026 21:36:02,BTC,334587.0
16/06/2026 21:36:07,USD,5.1021
16/06/2026 21:36:07,EUR,5.92066
16/06/2026 21:36:07,BTC,334587.0
16/06/2026 21:36:13,USD,5.1021
16/06/2026 21:36:13,EUR,5.92066
16/06/2026 21:36:13,BTC,334587.0
16/06/2026 21:36:18,USD,5.1021
16/06/2026 21:36:18,EUR,5.92066
16/06/2026 21:36:18,BTC,334587.0
16/06/2026 21:36:24,USD,5.1021
16/06/2026 21:36:24,EUR,5.92066
16/06/2026 21:36:24,BTC,334587.0
16/06/2026 21:36:29,USD,5.1021
16/06/2026 21:36:29,EUR,5.92066
16/06/2026 21:36:29,BTC,334587.0
16/06/2026 21:36:35,USD,5.1021
16/06/2026 21:36:35,EUR,5.92066
16/06/2026 21:36:35,BTC,334587.0
16/06/2026 21:36:40,USD,5.1021
16/06/2026 21:36:40,EUR,5.92066
16/06/2026 21:36:40,BTC,334587.0
16/06/2026 21:36:46,USD,5.1021
16/06/2026 21:36:46,EUR,5.92066
16/06/2026 21:36:46,BTC,334587.0
16/06/2026 21:36:52,USD,5.1021
16/06/2026 21:36:52,EUR,5.92066
16/06/2026 21:36:52,BTC,334587.0
16/06/2026 21:36:57,USD,5.1021
16/06/2026 21:36:57,EUR,5.92066
16/06/2026 21:36:57,BTC,334587.0
16/06/2026 21:37:03,USD,5.1021
16/06/2026 21:37:03,EUR,5.92066
16/06/2026 21:37:03,BTC,334587.0
16/06/2026 21:37:08,USD,5.1021
16/06/2026 21:37:08,EUR,5.92066
16/06/2026 21:37:08,BTC,334587.0
16/06/2026 21:37:14,USD,5.1021
16/06/2026 21:37:14,EUR,5.92066
16/06/2026 21:37:14,BTC,334587.0
16/06/2026 21:37:19,USD,5.1021
16/06/2026 21:37:19,EUR,5.92066
16/06/2026 21:37:19,BTC,334587.0
16/06/2026 21:37:25,USD,5.1021
16/06/2026 21:37:25,EUR,5.92066
16/06/2026 21:37:25,BTC,334587.0
16/06/2026 21:37:30,USD,5.1021
16/06/2026 21:37:30,EUR,5.92066
16/06/2026 21:37:30,BTC,334587.0
16/06/2026 21:37:36,USD,5.1021
16/06/2026 21:37:36,EUR,5.92066
16/06/2026 21:37:36,BTC,334587.0
16/06/2026 21:37:41,USD,5.1021
16/06/2026 21:37:41,EUR,5.92066
16/06/2026 21:37:41,BTC,334587.0
16/06/2026 21:37:47,USD,5.1021
16/06/2026 21:37:47,EUR,5.92066
16/06/2026 21:37:47,BTC,334587.0
16/06/2026 21:37:53,USD,5.1021
16/06/2026 21:37:53,EUR,5.92066
16/06/2026 21:37:53,BTC,334587.0
16/06/2026 21:37:59,USD,5.1021
16/06/2026 21:37:59,EUR,5.92066
16/06/2026 21:37:59,BTC,334587.0
16/06/2026 21:38:04,USD,5.1021
16/06/2026 21:38:04,EUR,5.92066
16/06/2026 21:38:04,BTC,334587.0
16/06/2026 21:38:10,USD,5.1021
16/06/2026 21:38:10,EUR,5.92066
16/06/2026 21:38:10,BTC,334587.0
16/06/2026 21:38:16,USD,5.1021
16/06/2026 21:38:16,EUR,5.92066
16/06/2026 21:38:16,BTC,334587.0
16/06/2026 21:38:21,USD,5.1021
16/06/2026 21:38:21,EUR,5.92066
16/06/2026 21:38:21,BTC,334587.0
16/06/2026 21:38:27,USD,5.1021
16/06/2026 21:38:27,EUR,5.92066
16/06/2026 21:38:27,BTC,334587.0
16/06/2026 21:38:33,USD,5.1021
16/06/2026 21:38:33,EUR,5.92066
16/06/2026 21:38:33,BTC,334587.0
16/06/2026 21:38:38,USD,5.1021
16/06/2026 21:38:38,EUR,5.92066
16/06/2026 21:38:38,BTC,334587.0
16/06/2026 21:38:44,USD,5.1021
16/06/2026 21:38:44,EUR,5.92066
16/06/2026 21:38:44,BTC,334587.0
16/06/2026 21:38:49,USD,5.1021
16/06/2026 21:38:49,EUR,5.92066
16/06/2026 21:38:49,BTC,334587.0
16/06/2026 21:38:55,USD,5.1021
16/06/2026 21:38:55,EUR,5.92066
16/06/2026 21:38:55,BTC,334587.0
16/06/2026 21:39:01,USD,5.1021
16/06/2026 21:39:01,EUR,5.92066
16/06/2026 21:39:01,BTC,334587.0
16/06/2026 21:39:06,USD,5.1021
16/06/2026 21:39:06,EUR,5.92066
16/06/2026 21:39:06,BTC,334587.0
16/06/2026 21:39:12,USD,5.1021
16/06/2026 21:39:12,EUR,5.92066
16/06/2026 21:39:12,BTC,334587.0
16/06/2026 21:39:17,USD,5.1021
16/06/2026 21:39:17,EUR,5.92066
16/06/2026 21:39:17,BTC,334587.0
16/06/2026 21:39:23,USD,5.1021
16/06/2026 21:39:23,EUR,5.92066
16/06/2026 21:39:23,BTC,334587.0
16/06/2026 21:39:28,USD,5.1021
16/06/2026 21:39:28,EUR,5.92066
16/06/2026 21:39:28,BTC,334587.0
16/06/2026 21:39:34,USD,5.1021
16/06/2026 21:39:34,EUR,5.92066
16/06/2026 21:39:34,BTC,334587.0
16/06/2026 21:39:40,USD,5.1021
16/06/2026 21:39:40,EUR,5.92066
16/06/2026 21:39:40,BTC,335149.0
16/06/2026 21:39:46,USD,5.1021
16/06/2026 21:39:46,EUR,5.92066
16/06/2026 21:39:46,BTC,335149.0
16/06/2026 21:39:51,USD,5.1021
16/06/2026 21:39:51,EUR,5.92066
16/06/2026 21:39:51,BTC,335149.0
16/06/2026 21:39:57,USD,5.1021
16/06/2026 21:39:57,EUR,5.92066
16/06/2026 21:39:57,BTC,335149.0
16/06/2026 21:40:02,USD,5.1021
16/06/2026 21:40:02,EUR,5.92066
16/06/2026 21:40:02,BTC,335149.0
16/06/2026 21:40:08,USD,5.1021
16/06/2026 21:40:08,EUR,5.92066
16/06/2026 21:40:08,BTC,335149.0
16/06/2026 21:40:14,USD,5.1021
16/06/2026 21:40:14,EUR,5.92066
16/06/2026 21:40:14,BTC,335149.0
16/06/2026 21:40:19,USD,5.1021
16/06/2026 21:40:19,EUR,5.92066
16/06/2026 21:40:19,BTC,335149.0
16/06/2026 21:40:25,USD,5.1021
16/06/2026 21:40:25,EUR,5.92066
16/06/2026 21:40:25,BTC,335149.0
16/06/2026 21:40:30,USD,5.1021
16/06/2026 21:40:30,EUR,5.92066
16/06/2026 21:40:30,BTC,335149.0
16/06/2026 21:40:36,USD,5.1021
16/06/2026 21:40:36,EUR,5.92066
16/06/2026 21:40:36,BTC,335149.0
16/06/2026 21:40:41,USD,5.1021
16/06/2026 21:40:41,EUR,5.92066
16/06/2026 21:40:41,BTC,335149.0
16/06/2026 21:40:47,USD,5.1021
16/06/2026 21:40:47,EUR,5.92066
16/06/2026 21:40:47,BTC,335149.0
16/06/2026 21:40:52,USD,5.1021
16/06/2026 21:40:52,EUR,5.92066
16/06/2026 21:40:52,BTC,335149.0
16/06/2026 21:40:58,USD,5.1021
16/06/2026 21:40:58,EUR,5.92066
16/06/2026 21:40:58,BTC,335149.0
16/06/2026 21:41:04,USD,5.1021
16/06/2026 21:41:04,EUR,5.92066
16/06/2026 21:41:04,BTC,335149.0
16/06/2026 21:41:09,USD,5.1021
16/06/2026 21:41:09,EUR,5.92066
16/06/2026 21:41:09,BTC,335149.0
16/06/2026 21:41:15,USD,5.1021
16/06/2026 21:41:15,EUR,5.92066
16/06/2026 21:41:15,BTC,335149.0
16/06/2026 21:41:20,USD,5.1021
16/06/2026 21:41:20,EUR,5.92066
16/06/2026 21:41:20,BTC,335149.0
16/06/2026 21:41:26,USD,5.1021
16/06/2026 21:41:26,EUR,5.92066
16/06/2026 21:41:26,BTC,335149.0
16/06/2026 21:41:31,USD,5.1021
16/06/2026 21:41:31,EUR,5.92066
16/06/2026 21:41:31,BTC,335149.0
16/06/2026 21:41:37,USD,5.1021
16/06/2026 21:41:37,EUR,5.92066
16/06/2026 21:41:37,BTC,335149.0
16/06/2026 21:41:42,USD,5.1021
16/06/2026 21:41:42,EUR,5.92066
16/06/2026 21:41:42,BTC,335149.0
16/06/2026 21:41:48,USD,5.1021
16/06/2026 21:41:48,EUR,5.92066
16/06/2026 21:41:48,BTC,335149.0
16/06/2026 21:41:53,USD,5.1021
16/06/2026 21:41:53,EUR,5.92066
16/06/2026 21:41:53,BTC,335149.0
16/06/2026 21:41:59,USD,5.1021
16/06/2026 21:41:59,EUR,5.92066
16/06/2026 21:41:59,BTC,335149.0
16/06/2026 21:42:05,USD,5.1021
16/06/2026 21:42:05,EUR,5.92066
16/06/2026 21:42:05,BTC,335149.0
16/06/2026 21:42:10,USD,5.1021
16/06/2026 21:42:10,EUR,5.92066
16/06/2026 21:42:10,BTC,335149.0
16/06/2026 21:42:16,USD,5.1021
16/06/2026 21:42:16,EUR,5.92066
16/06/2026 21:42:16,BTC,335149.0
16/06/2026 21:42:22,USD,5.1021
16/06/2026 21:42:22,EUR,5.92066
16/06/2026 21:42:22,BTC,335149.0
16/06/2026 21:42:27,USD,5.1021
16/06/2026 21:42:27,EUR,5.92066
16/06/2026 21:42:27,BTC,335149.0
16/06/2026 21:42:33,USD,5.1021
16/06/2026 21:42:33,EUR,5.92066
16/06/2026 21:42:33,BTC,335149.0
16/06/2026 21:42:39,USD,5.1021
16/06/2026 21:42:39,EUR,5.92066
16/06/2026 21:42:39,BTC,335149.0
16/06/2026 21:42:45,USD,5.1021
16/06/2026 21:42:45,EUR,5.92066
16/06/2026 21:42:45,BTC,335149.0
16/06/2026 21:42:50,USD,5.1021
16/06/2026 21:42:50,EUR,5.92066
16/06/2026 21:42:50,BTC,335149.0
16/06/2026 21:42:56,USD,5.1021
16/06/2026 21:42:56,EUR,5.92066
16/06/2026 21:42:56,BTC,335149.0
16/06/2026 21:43:02,USD,5.1021
16/06/2026 21:43:02,EUR,5.92066
16/06/2026 21:43:02,BTC,335149.0
16/06/2026 21:43:08,USD,5.1021
16/06/2026 21:43:08,EUR,5.92066
16/06/2026 21:43:08,BTC,335149.0
16/06/2026 21:43:14,USD,5.1021
16/06/2026 21:43:14,EUR,5.92066
16/06/2026 21:43:14,BTC,335149.0
16/06/2026 21:43:19,USD,5.1021
16/06/2026 21:43:19,EUR,5.92066
16/06/2026 21:43:19,BTC,335149.0
16/06/2026 21:43:25,USD,5.1021
16/06/2026 21:43:25,EUR,5.92066
16/06/2026 21:43:25,BTC,335149.0
16/06/2026 21:43:31,USD,5.1021
16/06/2026 21:43:31,EUR,5.92066
16/06/2026 21:43:31,BTC,335149.0
16/06/2026 21:43:36,USD,5.1021
16/06/2026 21:43:36,EUR,5.92066
16/06/2026 21:43:36,BTC,335149.0
16/06/2026 21:43:42,USD,5.1021
16/06/2026 21:43:42,EUR,5.92066
16/06/2026 21:43:42,BTC,335149.0
16/06/2026 21:43:48,USD,5.1021
16/06/2026 21:43:48,EUR,5.92066
16/06/2026 21:43:48,BTC,335149.0
16/06/2026 21:43:53,USD,5.1021
16/06/2026 21:43:53,EUR,5.92066
16/06/2026 21:43:53,BTC,335149.0
16/06/2026 21:43:59,USD,5.1021
16/06/2026 21:43:59,EUR,5.92066
16/06/2026 21:43:59,BTC,335149.0
16/06/2026 21:44:04,USD,5.1021
16/06/2026 21:44:04,EUR,5.92066
16/06/2026 21:44:04,BTC,335149.0
16/06/2026 21:44:10,USD,5.1021
16/06/2026 21:44:10,EUR,5.92066
16/06/2026 21:44:10,BTC,335149.0
16/06/2026 21:44:15,USD,5.1021
16/06/2026 21:44:15,EUR,5.92066
16/06/2026 21:44:15,BTC,335149.0
16/06/2026 21:44:21,USD,5.1021
16/06/2026 21:44:21,EUR,5.92066
16/06/2026 21:44:21,BTC,335149.0
16/06/2026 21:44:27,USD,5.1021
16/06/2026 21:44:27,EUR,5.92066
16/06/2026 21:44:27,BTC,335149.0
16/06/2026 21:44:32,USD,5.1021
16/06/2026 21:44:32,EUR,5.92066
16/06/2026 21:44:32,BTC,335149.0
16/06/2026 21:44:38,USD,5.1021
16/06/2026 21:44:38,EUR,5.92066
16/06/2026 21:44:38,BTC,335149.0
16/06/2026 21:44:43,USD,5.102
16/06/2026 21:44:43,EUR,5.92066
16/06/2026 21:44:43,BTC,335182.0
16/06/2026 21:44:49,USD,5.102
16/06/2026 21:44:49,EUR,5.92066
16/06/2026 21:44:49,BTC,335182.0
16/06/2026 21:44:54,USD,5.102
16/06/2026 21:44:54,EUR,5.92066
16/06/2026 21:44:54,BTC,335182.0
16/06/2026 21:45:00,USD,5.102
16/06/2026 21:45:00,EUR,5.92066
16/06/2026 21:45:00,BTC,335182.0
16/06/2026 21:45:05,USD,5.102
16/06/2026 21:45:05,EUR,5.92066
16/06/2026 21:45:05,BTC,335182.0
16/06/2026 21:45:11,USD,5.102
16/06/2026 21:45:11,EUR,5.92066
16/06/2026 21:45:11,BTC,335182.0
16/06/2026 21:45:18,USD,5.102
16/06/2026 21:45:18,EUR,5.92066
16/06/2026 21:45:18,BTC,335182.0
16/06/2026 21:45:24,USD,5.102
16/06/2026 21:45:24,EUR,5.92066
16/06/2026 21:45:24,BTC,335182.0
16/06/2026 21:45:29,USD,5.102
16/06/2026 21:45:29,EUR,5.92066
16/06/2026 21:45:29,BTC,335182.0
16/06/2026 21:45:35,USD,5.102
16/06/2026 21:45:35,EUR,5.92066
16/06/2026 21:45:35,BTC,335182.0
16/06/2026 21:45:40,USD,5.102
16/06/2026 21:45:40,EUR,5.92066
16/06/2026 21:45:40,BTC,335182.0
16/06/2026 21:45:46,USD,5.102
16/06/2026 21:45:46,EUR,5.92066
16/06/2026 21:45:46,BTC,335182.0
16/06/2026 21:45:52,USD,5.102
16/06/2026 21:45:52,EUR,5.92066
16/06/2026 21:45:52,BTC,335182.0
16/06/2026 21:45:57,USD,5.102
16/06/2026 21:45:57,EUR,5.92066
16/06/2026 21:45:57,BTC,335182.0
16/06/2026 21:46:03,USD,5.102
16/06/2026 21:46:03,EUR,5.92066
16/06/2026 21:46:03,BTC,335182.0
16/06/2026 21:46:09,USD,5.102
16/06/2026 21:46:09,EUR,5.92066
16/06/2026 21:46:09,BTC,335182.0
16/06/2026 21:46:14,USD,5.102
16/06/2026 21:46:14,EUR,5.92066
16/06/2026 21:46:14,BTC,335182.0
16/06/2026 21:46:20,USD,5.102
16/06/2026 21:46:20,EUR,5.92066
16/06/2026 21:46:20,BTC,335182.0
16/06/2026 21:46:25,USD,5.102
16/06/2026 21:46:25,EUR,5.92066
16/06/2026 21:46:25,BTC,335182.0
16/06/2026 21:46:31,USD,5.102
16/06/2026 21:46:31,EUR,5.92066
16/06/2026 21:46:31,BTC,335182.0
16/06/2026 21:46:36,USD,5.102
16/06/2026 21:46:36,EUR,5.92066
16/06/2026 21:46:36,BTC,335182.0
16/06/2026 21:46:42,USD,5.102
16/06/2026 21:46:42,EUR,5.92066
16/06/2026 21:46:42,BTC,335182.0
16/06/2026 21:46:48,USD,5.102
16/06/2026 21:46:48,EUR,5.92066
16/06/2026 21:46:48,BTC,335182.0
16/06/2026 21:46:53,USD,5.102
16/06/2026 21:46:53,EUR,5.92066
16/06/2026 21:46:53,BTC,335182.0
16/06/2026 21:46:59,USD,5.102
16/06/2026 21:46:59,EUR,5.92066
16/06/2026 21:46:59,BTC,335182.0
16/06/2026 21:47:05,USD,5.102
16/06/2026 21:47:05,EUR,5.92066
16/06/2026 21:47:05,BTC,335182.0
16/06/2026 21:47:11,USD,5.102
16/06/2026 21:47:11,EUR,5.92066
16/06/2026 21:47:11,BTC,335182.0
16/06/2026 21:47:16,USD,5.102
16/06/2026 21:47:16,EUR,5.92066
16/06/2026 21:47:16,BTC,335182.0
16/06/2026 21:47:22,USD,5.102
16/06/2026 21:47:22,EUR,5.92066
16/06/2026 21:47:22,BTC,335182.0
16/06/2026 21:47:28,USD,5.102
16/06/2026 21:47:28,EUR,5.92066
16/06/2026 21:47:28,BTC,335182.0
16/06/2026 21:47:33,USD,5.102
16/06/2026 21:47:33,EUR,5.92066
16/06/2026 21:47:33,BTC,335182.0
16/06/2026 21:47:39,USD,5.102
16/06/2026 21:47:39,EUR,5.92066
16/06/2026 21:47:39,BTC,335182.0
16/06/2026 21:47:45,USD,5.102
16/06/2026 21:47:45,EUR,5.92066
16/06/2026 21:47:45,BTC,335182.0
16/06/2026 21:47:50,USD,5.102
16/06/2026 21:47:50,EUR,5.92066
16/06/2026 21:47:50,BTC,335182.0
16/06/2026 21:47:56,USD,5.102
16/06/2026 21:47:56,EUR,5.92066
16/06/2026 21:47:56,BTC,335182.0
16/06/2026 21:48:02,USD,5.102
16/06/2026 21:48:02,EUR,5.92066
16/06/2026 21:48:02,BTC,335182.0
16/06/2026 21:48:07,USD,5.102
16/06/2026 21:48:07,EUR,5.92066
16/06/2026 21:48:07,BTC,335182.0
16/06/2026 21:48:13,USD,5.102
16/06/2026 21:48:13,EUR,5.92066
16/06/2026 21:48:13,BTC,335182.0
16/06/2026 21:48:19,USD,5.102
16/06/2026 21:48:19,EUR,5.92066
16/06/2026 21:48:19,BTC,335182.0
16/06/2026 21:48:24,USD,5.102
16/06/2026 21:48:24,EUR,5.92066
16/06/2026 21:48:24,BTC,335182.0
16/06/2026 21:48:30,USD,5.102
16/06/2026 21:48:30,EUR,5.92066
16/06/2026 21:48:30,BTC,335182.0
16/06/2026 21:48:35,USD,5.102
16/06/2026 21:48:35,EUR,5.92066
16/06/2026 21:48:35,BTC,335182.0
16/06/2026 21:48:41,USD,5.102
16/06/2026 21:48:41,EUR,5.92066
16/06/2026 21:48:41,BTC,335182.0
16/06/2026 21:48:47,USD,5.102
16/06/2026 21:48:47,EUR,5.92066
16/06/2026 21:48:47,BTC,335182.0
16/06/2026 21:48:52,USD,5.102
16/06/2026 21:48:52,EUR,5.92066
16/06/2026 21:48:52,BTC,335182.0
16/06/2026 21:48:58,USD,5.102
16/06/2026 21:48:58,EUR,5.92066
16/06/2026 21:48:58,BTC,335182.0
16/06/2026 21:49:03,USD,5.102
16/06/2026 21:49:03,EUR,5.92066
16/06/2026 21:49:03,BTC,335182.0
16/06/2026 21:49:09,USD,5.102
16/06/2026 21:49:09,EUR,5.92066
16/06/2026 21:49:09,BTC,335182.0
16/06/2026 21:49:14,USD,5.102
16/06/2026 21:49:14,EUR,5.92066
16/06/2026 21:49:14,BTC,335182.0
16/06/2026 21:49:20,USD,5.102
16/06/2026 21:49:20,EUR,5.92066
16/06/2026 21:49:20,BTC,335182.0
16/06/2026 21:49:25,USD,5.102
16/06/2026 21:49:25,EUR,5.92066
16/06/2026 21:49:25,BTC,335182.0
16/06/2026 21:49:31,USD,5.102
16/06/2026 21:49:31,EUR,5.92066
16/06/2026 21:49:31,BTC,335182.0
16/06/2026 21:49:37,USD,5.102
16/06/2026 21:49:37,EUR,5.92066
16/06/2026 21:49:37,BTC,335182.0
16/06/2026 21:49:42,USD,5.102
16/06/2026 21:49:42,EUR,5.92066
16/06/2026 21:49:42,BTC,335182.0
16/06/2026 21:49:48,USD,5.102
16/06/2026 21:49:48,EUR,5.92066
16/06/2026 21:49:48,BTC,335267.0
16/06/2026 21:49:53,USD,5.102
16/06/2026 21:49:53,EUR,5.92066
16/06/2026 21:49:53,BTC,335267.0
16/06/2026 21:49:59,USD,5.102
16/06/2026 21:49:59,EUR,5.92066
16/06/2026 21:49:59,BTC,335267.0
16/06/2026 21:50:05,USD,5.102
16/06/2026 21:50:05,EUR,5.92066
16/06/2026 21:50:05,BTC,335267.0
16/06/2026 21:50:11,USD,5.102
16/06/2026 21:50:11,EUR,5.92066
16/06/2026 21:50:11,BTC,335267.0
16/06/2026 21:50:16,USD,5.102
16/06/2026 21:50:16,EUR,5.92066
16/06/2026 21:50:16,BTC,335267.0
16/06/2026 21:50:22,USD,5.102
16/06/2026 21:50:22,EUR,5.92066
16/06/2026 21:50:22,BTC,335267.0
16/06/2026 21:50:27,USD,5.102
16/06/2026 21:50:27,EUR,5.92066
16/06/2026 21:50:27,BTC,335267.0
16/06/2026 21:50:33,USD,5.102
16/06/2026 21:50:33,EUR,5.92066
16/06/2026 21:50:33,BTC,335267.0
16/06/2026 21:50:38,USD,5.102
16/06/2026 21:50:38,EUR,5.92066
16/06/2026 21:50:38,BTC,335267.0
16/06/2026 21:50:44,USD,5.102
16/06/2026 21:50:44,EUR,5.92066
16/06/2026 21:50:44,BTC,335267.0
16/06/2026 21:50:49,USD,5.102
16/06/2026 21:50:49,EUR,5.92066
16/06/2026 21:50:49,BTC,335267.0
16/06/2026 21:50:55,USD,5.102
16/06/2026 21:50:55,EUR,5.92066
16/06/2026 21:50:55,BTC,335267.0
16/06/2026 21:51:00,USD,5.102
16/06/2026 21:51:00,EUR,5.92066
16/06/2026 21:51:00,BTC,335267.0
16/06/2026 21:51:06,USD,5.102
16/06/2026 21:51:06,EUR,5.92066
16/06/2026 21:51:06,BTC,335267.0
16/06/2026 21:51:11,USD,5.102
16/06/2026 21:51:11,EUR,5.92066
16/06/2026 21:51:11,BTC,335267.0
16/06/2026 21:51:17,USD,5.102
16/06/2026 21:51:17,EUR,5.92066
16/06/2026 21:51:17,BTC,335267.0
16/06/2026 21:51:22,USD,5.102
16/06/2026 21:51:22,EUR,5.92066
16/06/2026 21:51:22,BTC,335267.0
16/06/2026 21:51:28,USD,5.102
16/06/2026 21:51:28,EUR,5.92066
16/06/2026 21:51:28,BTC,335267.0
16/06/2026 21:51:33,USD,5.102
16/06/2026 21:51:33,EUR,5.92066
16/06/2026 21:51:33,BTC,335267.0
16/06/2026 21:51:39,USD,5.102
16/06/2026 21:51:39,EUR,5.92066
16/06/2026 21:51:39,BTC,335267.0
16/06/2026 21:51:44,USD,5.102
16/06/2026 21:51:44,EUR,5.92066
16/06/2026 21:51:44,BTC,335267.0
16/06/2026 21:51:50,USD,5.102
16/06/2026 21:51:50,EUR,5.92066
16/06/2026 21:51:50,BTC,335267.0
16/06/2026 21:51:56,USD,5.102
16/06/2026 21:51:56,EUR,5.92066
16/06/2026 21:51:56,BTC,335267.0
16/06/2026 21:52:01,USD,5.102
16/06/2026 21:52:01,EUR,5.92066
16/06/2026 21:52:01,BTC,335267.0
16/06/2026 21:52:07,USD,5.102
16/06/2026 21:52:07,EUR,5.92066
16/06/2026 21:52:07,BTC,335267.0
16/06/2026 21:52:12,USD,5.102
16/06/2026 21:52:12,EUR,5.92066
16/06/2026 21:52:12,BTC,335267.0
16/06/2026 21:52:18,USD,5.102
16/06/2026 21:52:18,EUR,5.92066
16/06/2026 21:52:18,BTC,335267.0
16/06/2026 21:52:23,USD,5.102
16/06/2026 21:52:23,EUR,5.92066
16/06/2026 21:52:23,BTC,335267.0
16/06/2026 21:52:29,USD,5.102
16/06/2026 21:52:29,EUR,5.92066
16/06/2026 21:52:29,BTC,335267.0
16/06/2026 21:52:34,USD,5.102
16/06/2026 21:52:34,EUR,5.92066
16/06/2026 21:52:34,BTC,335267.0
16/06/2026 21:52:40,USD,5.102
16/06/2026 21:52:40,EUR,5.92066
16/06/2026 21:52:40,BTC,335267.0
16/06/2026 21:52:45,USD,5.102
16/06/2026 21:52:45,EUR,5.92066
16/06/2026 21:52:45,BTC,335267.0
16/06/2026 21:52:51,USD,5.102
16/06/2026 21:52:51,EUR,5.92066
16/06/2026 21:52:51,BTC,335267.0
16/06/2026 21:52:56,USD,5.102
16/06/2026 21:52:56,EUR,5.92066
16/06/2026 21:52:56,BTC,335267.0
16/06/2026 21:53:02,USD,5.102
16/06/2026 21:53:02,EUR,5.92066
16/06/2026 21:53:02,BTC,335267.0
16/06/2026 21:53:08,USD,5.102
16/06/2026 21:53:08,EUR,5.92066
16/06/2026 21:53:08,BTC,335267.0
16/06/2026 21:53:13,USD,5.102
16/06/2026 21:53:13,EUR,5.92066
16/06/2026 21:53:13,BTC,335267.0
16/06/2026 21:53:19,USD,5.102
16/06/2026 21:53:19,EUR,5.92066
16/06/2026 21:53:19,BTC,335267.0
16/06/2026 21:53:25,USD,5.102
16/06/2026 21:53:25,EUR,5.92066
16/06/2026 21:53:25,BTC,335267.0
16/06/2026 21:53:31,USD,5.102
16/06/2026 21:53:31,EUR,5.92066
16/06/2026 21:53:31,BTC,335267.0
16/06/2026 21:53:37,USD,5.102
16/06/2026 21:53:37,EUR,5.92066
16/06/2026 21:53:37,BTC,335267.0
16/06/2026 21:53:43,USD,5.102
16/06/2026 21:53:43,EUR,5.92066
16/06/2026 21:53:43,BTC,335267.0
16/06/2026 21:53:48,USD,5.102
16/06/2026 21:53:48,EUR,5.92066
16/06/2026 21:53:48,BTC,335267.0
16/06/2026 21:53:54,USD,5.102
16/06/2026 21:53:54,EUR,5.92066
16/06/2026 21:53:54,BTC,335267.0
16/06/2026 21:53:59,USD,5.102
16/06/2026 21:53:59,EUR,5.92066
16/06/2026 21:53:59,BTC,335267.0
16/06/2026 21:54:05,USD,5.102
16/06/2026 21:54:05,EUR,5.92066
16/06/2026 21:54:05,BTC,335267.0
16/06/2026 21:54:10,USD,5.102
16/06/2026 21:54:10,EUR,5.92066
16/06/2026 21:54:10,BTC,335267.0
16/06/2026 21:54:16,USD,5.102
16/06/2026 21:54:16,EUR,5.92066
16/06/2026 21:54:16,BTC,335267.0
16/06/2026 21:54:21,USD,5.102
16/06/2026 21:54:21,EUR,5.92066
16/06/2026 21:54:21,BTC,335267.0
16/06/2026 21:54:27,USD,5.102
16/06/2026 21:54:27,EUR,5.92066
16/06/2026 21:54:27,BTC,335267.0
16/06/2026 21:54:33,USD,5.102
16/06/2026 21:54:33,EUR,5.92066
16/06/2026 21:54:33,BTC,335267.0
16/06/2026 21:54:38,USD,5.102
16/06/2026 21:54:38,EUR,5.92066
16/06/2026 21:54:38,BTC,335267.0
16/06/2026 21:54:44,USD,5.102
16/06/2026 21:54:44,EUR,5.92066
16/06/2026 21:54:44,BTC,335267.0
16/06/2026 21:54:49,USD,5.102
16/06/2026 21:54:49,EUR,5.92066
16/06/2026 21:54:49,BTC,335386.0
16/06/2026 21:54:55,USD,5.102
16/06/2026 21:54:55,EUR,5.92066
16/06/2026 21:54:55,BTC,335386.0
16/06/2026 21:55:00,USD,5.102
16/06/2026 21:55:00,EUR,5.92066
16/06/2026 21:55:00,BTC,335386.0
16/06/2026 21:55:06,USD,5.102
16/06/2026 21:55:06,EUR,5.92066
16/06/2026 21:55:06,BTC,335386.0
16/06/2026 21:55:12,USD,5.102
16/06/2026 21:55:12,EUR,5.92066
16/06/2026 21:55:12,BTC,335386.0
16/06/2026 21:55:17,USD,5.102
16/06/2026 21:55:17,EUR,5.92066
16/06/2026 21:55:17,BTC,335386.0
16/06/2026 21:55:23,USD,5.102
16/06/2026 21:55:23,EUR,5.92066
16/06/2026 21:55:23,BTC,335386.0
16/06/2026 21:55:29,USD,5.102
16/06/2026 21:55:29,EUR,5.92066
16/06/2026 21:55:29,BTC,335386.0
16/06/2026 21:55:34,USD,5.102
16/06/2026 21:55:34,EUR,5.92066
16/06/2026 21:55:34,BTC,335386.0
16/06/2026 21:55:40,USD,5.102
16/06/2026 21:55:40,EUR,5.92066
16/06/2026 21:55:40,BTC,335386.0
16/06/2026 21:55:45,USD,5.102
16/06/2026 21:55:45,EUR,5.92066
16/06/2026 21:55:45,BTC,335386.0
16/06/2026 21:55:51,USD,5.102
16/06/2026 21:55:51,EUR,5.92066
16/06/2026 21:55:51,BTC,335386.0
16/06/2026 21:55:56,USD,5.102
16/06/2026 21:55:56,EUR,5.92066
16/06/2026 21:55:56,BTC,335386.0
16/06/2026 21:56:02,USD,5.102
16/06/2026 21:56:02,EUR,5.92066
16/06/2026 21:56:02,BTC,335386.0
16/06/2026 21:56:07,USD,5.102
16/06/2026 21:56:07,EUR,5.92066
16/06/2026 21:56:07,BTC,335386.0
16/06/2026 21:56:13,USD,5.102
16/06/2026 21:56:13,EUR,5.92066
16/06/2026 21:56:13,BTC,335386.0
16/06/2026 21:56:18,USD,5.102
16/06/2026 21:56:18,EUR,5.92066
16/06/2026 21:56:18,BTC,335386.0
16/06/2026 21:56:24,USD,5.102
16/06/2026 21:56:24,EUR,5.92066
16/06/2026 21:56:24,BTC,335386.0
16/06/2026 21:56:30,USD,5.102
16/06/2026 21:56:30,EUR,5.92066
16/06/2026 21:56:30,BTC,335386.0
16/06/2026 21:56:35,USD,5.102
16/06/2026 21:56:35,EUR,5.92066
16/06/2026 21:56:35,BTC,335386.0
16/06/2026 22:18:25,USD,5.102
16/06/2026 22:18:25,EUR,5.92066
16/06/2026 22:18:25,BTC,335056.0
16/06/2026 22:18:31,USD,5.102
16/06/2026 22:18:31,EUR,5.92066
16/06/2026 22:18:31,BTC,335056.0
16/06/2026 22:18:36,USD,5.102
16/06/2026 22:18:36,EUR,5.92066
16/06/2026 22:18:36,BTC,335056.0
16/06/2026 22:18:42,USD,5.102
16/06/2026 22:18:42,EUR,5.92066
16/06/2026 22:18:42,BTC,335056.0
16/06/2026 22:18:47,USD,5.102
16/06/2026 22:18:47,EUR,5.92066
16/06/2026 22:18:47,BTC,335056.0
16/06/2026 22:18:53,USD,5.102
16/06/2026 22:18:53,EUR,5.92066
16/06/2026 22:18:53,BTC,335056.0
16/06/2026 22:18:59,USD,5.102
16/06/2026 22:18:59,EUR,5.92066
16/06/2026 22:18:59,BTC,335056.0
16/06/2026 22:19:04,USD,5.102
16/06/2026 22:19:04,EUR,5.92066
16/06/2026 22:19:04,BTC,335056.0
16/06/2026 22:19:10,USD,5.102
16/06/2026 22:19:10,EUR,5.92066
16/06/2026 22:19:10,BTC,335056.0
16/06/2026 22:19:16,USD,5.102
16/06/2026 22:19:16,EUR,5.92066
16/06/2026 22:19:16,BTC,335056.0
16/06/2026 22:19:21,USD,5.102
16/06/2026 22:19:21,EUR,5.92066
16/06/2026 22:19:21,BTC,335056.0
16/06/2026 22:19:27,USD,5.102
16/06/2026 22:19:27,EUR,5.92066
16/06/2026 22:19:27,BTC,335056.0
16/06/2026 22:19:33,USD,5.102
16/06/2026 22:19:33,EUR,5.92066
16/06/2026 22:19:33,BTC,335056.0
16/06/2026 22:19:40,USD,5.102
16/06/2026 22:19:40,EUR,5.92066
16/06/2026 22:19:40,BTC,335056.0
16/06/2026 22:19:45,USD,5.102
16/06/2026 22:19:45,EUR,5.92066
16/06/2026 22:19:45,BTC,335056.0
16/06/2026 22:19:51,USD,5.102
16/06/2026 22:19:51,EUR,5.92066
16/06/2026 22:19:51,BTC,335056.0
16/06/2026 22:19:57,USD,5.102
16/06/2026 22:19:57,EUR,5.92066
16/06/2026 22:19:57,BTC,335056.0
16/06/2026 22:20:02,USD,5.102
16/06/2026 22:20:02,EUR,5.92066
16/06/2026 22:20:02,BTC,335056.0
16/06/2026 22:20:08,USD,5.102
16/06/2026 22:20:08,EUR,5.92066
16/06/2026 22:20:08,BTC,335056.0
16/06/2026 22:20:14,USD,5.102
16/06/2026 22:20:14,EUR,5.92066
16/06/2026 22:20:14,BTC,335056.0
16/06/2026 22:20:20,USD,5.102
16/06/2026 22:20:20,EUR,5.92066
16/06/2026 22:20:20,BTC,335056.0
16/06/2026 22:20:27,USD,5.102
16/06/2026 22:20:27,EUR,5.92066
16/06/2026 22:20:27,BTC,335056.0
16/06/2026 22:20:32,USD,5.102
16/06/2026 22:20:32,EUR,5.92066
16/06/2026 22:20:32,BTC,335056.0
16/06/2026 22:20:38,USD,5.102
16/06/2026 22:20:38,EUR,5.92066
16/06/2026 22:20:38,BTC,335056.0
16/06/2026 22:20:43,USD,5.102
16/06/2026 22:20:43,EUR,5.92066
16/06/2026 22:20:43,BTC,335056.0
16/06/2026 22:20:49,USD,5.102
16/06/2026 22:20:49,EUR,5.92066
16/06/2026 22:20:49,BTC,335056.0
16/06/2026 22:20:55,USD,5.102
16/06/2026 22:20:55,EUR,5.92066
16/06/2026 22:20:55,BTC,335056.0
16/06/2026 22:21:00,USD,5.102
16/06/2026 22:21:00,EUR,5.92066
16/06/2026 22:21:00,BTC,335056.0
16/06/2026 22:21:06,USD,5.102
16/06/2026 22:21:06,EUR,5.92066
16/06/2026 22:21:06,BTC,335056.0
16/06/2026 22:21:12,USD,5.102
16/06/2026 22:21:12,EUR,5.92066
16/06/2026 22:21:12,BTC,335056.0
16/06/2026 22:21:18,USD,5.102
16/06/2026 22:21:18,EUR,5.92066
16/06/2026 22:21:18,BTC,335056.0
16/06/2026 22:21:23,USD,5.102
16/06/2026 22:21:23,EUR,5.92066
16/06/2026 22:21:23,BTC,335056.0
16/06/2026 22:21:30,USD,5.102
16/06/2026 22:21:30,EUR,5.92066
16/06/2026 22:21:30,BTC,335056.0
16/06/2026 22:21:35,USD,5.102
16/06/2026 22:21:35,EUR,5.92066
16/06/2026 22:21:35,BTC,335056.0
16/06/2026 22:21:41,USD,5.102
16/06/2026 22:21:41,EUR,5.92066
16/06/2026 22:21:41,BTC,335056.0
16/06/2026 22:21:46,USD,5.102
16/06/2026 22:21:46,EUR,5.92066
16/06/2026 22:21:46,BTC,335056.0
16/06/2026 22:21:52,USD,5.102
16/06/2026 22:21:52,EUR,5.92066
16/06/2026 22:21:52,BTC,335056.0
16/06/2026 22:21:57,USD,5.102
16/06/2026 22:21:57,EUR,5.92066
16/06/2026 22:21:57,BTC,335056.0
16/06/2026 22:22:03,USD,5.102
16/06/2026 22:22:03,EUR,5.92066
16/06/2026 22:22:03,BTC,335056.0
16/06/2026 22:22:09,USD,5.102
16/06/2026 22:22:09,EUR,5.92066
16/06/2026 22:22:09,BTC,335056.0
16/06/2026 22:22:15,USD,5.102
16/06/2026 22:22:15,EUR,5.92066
16/06/2026 22:22:15,BTC,335056.0
16/06/2026 22:22:20,USD,5.102
16/06/2026 22:22:20,EUR,5.92066
16/06/2026 22:22:20,BTC,335056.0
16/06/2026 22:22:26,USD,5.102
16/06/2026 22:22:26,EUR,5.92066
16/06/2026 22:22:26,BTC,335056.0
16/06/2026 22:22:31,USD,5.102
16/06/2026 22:22:31,EUR,5.92066
16/06/2026 22:22:31,BTC,335056.0
16/06/2026 22:22:37,USD,5.102
16/06/2026 22:22:37,EUR,5.92066
16/06/2026 22:22:37,BTC,335056.0
16/06/2026 22:22:43,USD,5.102
16/06/2026 22:22:43,EUR,5.92066
16/06/2026 22:22:43,BTC,335056.0
16/06/2026 22:22:48,USD,5.102
16/06/2026 22:22:48,EUR,5.92066
16/06/2026 22:22:48,BTC,335056.0
16/06/2026 22:22:54,USD,5.102
16/06/2026 22:22:54,EUR,5.92066
16/06/2026 22:22:54,BTC,335056.0
16/06/2026 22:23:00,USD,5.102
16/06/2026 22:23:00,EUR,5.92066
16/06/2026 22:23:00,BTC,334553.0
16/06/2026 22:23:06,USD,5.102
16/06/2026 22:23:06,EUR,5.92066
16/06/2026 22:23:06,BTC,334553.0
16/06/2026 22:23:12,USD,5.102
16/06/2026 22:23:12,EUR,5.92066
16/06/2026 22:23:12,BTC,334553.0
16/06/2026 22:23:18,USD,5.102
16/06/2026 22:23:18,EUR,5.92066
16/06/2026 22:23:18,BTC,334553.0
16/06/2026 22:23:24,USD,5.102
16/06/2026 22:23:24,EUR,5.92066
16/06/2026 22:23:24,BTC,334553.0
16/06/2026 22:23:29,USD,5.102
16/06/2026 22:23:29,EUR,5.92066
16/06/2026 22:23:29,BTC,334553.0
16/06/2026 22:23:35,USD,5.102
16/06/2026 22:23:35,EUR,5.92066
16/06/2026 22:23:35,BTC,334553.0
16/06/2026 22:23:40,USD,5.102
16/06/2026 22:23:40,EUR,5.92066
16/06/2026 22:23:40,BTC,334553.0
16/06/2026 22:23:46,USD,5.102
16/06/2026 22:23:46,EUR,5.92066
16/06/2026 22:23:46,BTC,334553.0
16/06/2026 22:23:52,USD,5.102
16/06/2026 22:23:52,EUR,5.92066
16/06/2026 22:23:52,BTC,334553.0
16/06/2026 22:23:57,USD,5.102
16/06/2026 22:23:57,EUR,5.92066
16/06/2026 22:23:57,BTC,334553.0
